2026-01-05 22:18:41,1,1,-6.1273,0,85.9955,exploration
2026-01-05 22:18:45,2,1,-4.2893,0,86.3909,exploration
2026-01-05 22:18:52,3,1,-4.5619,0,85.7067,exploration
2026-01-05 22:18:56,4,1,-5.6339,0,86.809,exploration
2026-01-05 22:20:50,1,1,-6.3588,0,86.1736,exploration
2026-01-05 22:20:54,2,1,-4.5928,0,87.1661,exploration
2026-01-05 22:21:02,3,1,-3.0213,0,85.8988,exploration
2026-01-05 22:21:06,4,1,-3.9734,0,83.5041,exploration
2026-01-05 22:21:13,5,1,-5.3835,0,82.7775,exploration
2026-01-05 22:21:18,6,1,-5.2804,0,84.0506,exploration
2026-01-05 22:21:22,7,1,-3.6334,0,82.1005,exploration
2026-01-05 22:21:26,8,1,26.4338,0,49.7478,exploration
2026-01-05 22:21:32,9,1,-6.2828,0,86.6722,exploration
2026-01-05 22:21:36,10,1,-3.849,0,86.6696,exploration
2026-01-05 22:21:41,11,1,-7.5085,0,86.8908,exploration
2026-01-05 22:21:45,12,1,-5.5688,0,87.8621,exploration
2026-01-05 22:21:50,13,2,-43.6988,0,135.5653,exploration
2026-01-05 22:21:54,14,1,-37.0266,0,252.2309,exploration
2026-01-05 22:21:59,15,1,-36.8779,0,180.5659,exploration
2026-01-05 22:22:06,16,2,116.9245,0,180.3482,exploration
2026-01-05 22:22:13,17,2,-16.3824,0,230.916,exploration
2026-01-05 22:22:20,18,1,-110.1748,0,204.7415,exploration
2026-01-05 22:22:27,19,2,151.6216,0,90.5389,exploration
2026-01-05 22:22:34,20,2,270.6483,0,81.6582,exploration
2026-01-05 22:22:41,21,2,122.9383,0,206.0921,exploration
2026-01-05 22:22:48,22,2,86.5695,0,212.5744,exploration
2026-01-05 22:22:52,23,1,-45.4394,0,90.6817,exploration
2026-01-05 22:22:59,24,1,-13.9202,0,111.3555,exploration
2026-01-05 22:23:03,25,1,-5.9058,0,103.1408,exploration
2026-01-05 22:23:07,26,1,30.8058,0,51.942,exploration
2026-01-05 22:24:08,1,1,-5.2643,0,90.8474,exploration
2026-01-05 22:24:13,2,1,-3.9642,0,80.8795,exploration
2026-01-05 22:24:43,3,1,-81.4799,0,182.359,exploration
2026-01-05 22:24:49,4,2,387.9388,0,100.8565,exploration
2026-01-05 22:24:54,5,1,-56.5354,0,360.2502,exploration
2026-01-05 22:24:59,6,1,-71.9749,0,309.5836,exploration
2026-01-05 22:25:04,7,1,-49.2745,0,144.8634,exploration
2026-01-05 22:25:10,8,2,196.3404,0,92.59,exploration
2026-01-05 22:25:22,9,2,4.3798,0,68.925,exploration
2026-01-05 22:25:27,10,1,-52.3335,0,231.0605,exploration
2026-01-05 22:25:32,11,1,-66.7271,0,157.4902,exploration
2026-01-05 22:25:37,12,1,-119.704,0,364.1087,exploration
2026-01-05 22:25:42,13,1,-42.571,0,105.6686,exploration
2026-01-05 22:25:48,14,2,-117.2561,0,536.9714,exploration
2026-01-05 22:25:53,15,1,-127.1972,0,462.218,exploration
2026-01-05 22:26:04,16,2,-68.5022,0,136.6198,exploration
2026-01-05 22:26:18,17,2,-158.5124,0,230.7484,exploration
2026-01-05 22:26:26,18,3,-190.3557,0,259.5911,exploration
2026-01-05 22:26:32,19,1,-177.4651,0,238.8674,exploration
2026-01-05 22:26:39,20,2,989.5267,0,168.585,exploration
2026-01-05 22:26:47,21,3,-52.0935,0,119.6417,exploration
2026-01-05 22:26:52,22,1,-9.4712,0,89.26,exploration
2026-01-05 22:26:57,23,1,-327.839,0,1323.096,exploration
2026-01-05 22:27:02,24,1,-533.5945,0,616.5187,exploration
2026-01-05 22:27:09,25,2,1413.6875,0,83.6653,exploration
2026-01-05 22:27:16,26,3,-45.9156,0,88.2759,exploration
2026-01-05 22:27:21,27,1,-8.9398,0,129.325,exploration
2026-01-05 22:27:32,28,7,-41.0413,0,89.6663,exploration
2026-01-05 22:27:37,29,1,136.6366,0,49.7677,exploration
2026-01-05 22:27:42,30,1,-91.7673,0,268.0765,exploration
2026-01-05 22:27:47,31,1,-131.2661,0,1170.7839,exploration
2026-01-05 22:27:52,32,1,-66.4202,0,917.6289,exploration
2026-01-05 22:28:15,33,1,178.1653,0,259.2459,exploration
2026-01-05 22:28:25,34,1,-61.0725,0,471.3849,exploration
2026-01-05 22:28:46,1,1,-22.71,0,110.3072,exploration
2026-01-05 22:28:53,2,2,65.2415,0,98.6955,exploration
2026-01-05 22:28:59,3,2,93.6797,0,88.9082,exploration
2026-01-05 22:29:04,4,1,-10.1228,0,134.842,exploration
2026-01-05 22:29:10,5,1,-6.0433,0,89.2351,exploration
2026-01-05 22:29:15,6,1,3.9454,0,82.2926,exploration
2026-01-05 22:29:23,7,3,-62.2874,0,90.3367,exploration
2026-01-05 22:29:28,8,1,-7.4781,0,180.4499,exploration
2026-01-05 22:29:35,9,2,-18.9121,0,83.5494,exploration
2026-01-05 22:29:40,10,1,-32.072,0,189.6238,exploration
2026-01-05 22:29:46,11,1,-25.859,0,117.9499,exploration
2026-01-05 22:29:52,12,2,153.4899,0,112.9834,exploration
2026-01-05 22:29:59,13,2,26.1902,0,94.6817,exploration
2026-01-05 22:30:04,14,1,-16.5871,0,274.8304,exploration
2026-01-05 22:30:10,15,1,-16.5598,0,118.6096,exploration
2026-01-05 22:30:15,16,1,-30.3387,0,170.0824,exploration
2026-01-05 22:30:21,17,1,-5.579,0,89.8856,exploration
2026-01-05 22:30:26,18,1,-9.0281,0,95.644,exploration
2026-01-05 22:30:33,19,1,-6.8732,0,92.2465,exploration
2026-01-05 22:30:38,20,1,49.9247,0,49.7487,exploration
2026-01-05 22:30:46,21,3,34.2947,0,53.5456,exploration
2026-01-05 22:30:53,22,3,-6.4967,0,86.2334,exploration
2026-01-05 22:30:59,23,1,-12.07,0,160.4602,exploration
2026-01-05 22:31:04,24,1,-8.3716,0,93.2412,exploration
2026-01-05 22:31:15,25,6,-55.7728,0,95.5532,exploration
2026-01-05 22:31:20,26,1,-31.9621,0,140.6055,exploration
2026-01-05 22:31:28,27,3,61.3984,0,91.5828,exploration
2026-01-05 22:31:33,28,1,-49.705,0,325.7989,exploration
2026-01-05 22:31:39,29,1,-42.6775,0,183.637,exploration
2026-01-05 22:31:44,30,1,-51.3811,0,178.3755,exploration
2026-01-05 22:31:50,31,1,-37.0922,0,124.1549,exploration
2026-01-05 22:31:57,32,2,240.3145,0,111.6681,exploration
2026-01-05 22:32:02,33,1,8.051,0,48.1835,exploration
2026-01-05 22:32:08,34,1,-47.4004,0,275.3237,exploration
2026-01-05 22:32:13,35,1,-32.2439,0,153.6943,exploration
2026-01-05 22:32:19,36,1,-23.1854,0,114.9578,exploration
2026-01-05 22:32:25,37,2,-325.4327,0,523.6788,exploration
2026-01-05 22:32:33,38,3,-38.3417,0,99.9926,exploration
2026-01-05 22:32:38,39,1,-4.0784,0,99.9426,exploration
2026-01-05 22:32:43,40,1,-74.8704,0,122.7653,exploration
2026-01-05 22:33:08,41,2,682.7281,0,377.0506,exploration
2026-01-05 22:33:13,42,1,-215.4438,0,983.3993,exploration
2026-01-05 22:33:19,43,1,75.7519,0,134.1269,exploration
2026-01-05 22:33:24,44,1,-168.2225,0,276.4494,exploration
2026-01-05 22:33:30,45,1,916.4296,0,50.8325,exploration
2026-01-05 23:50:10,1,12,-14.8749,0,68.9299,exploration
2026-01-05 23:50:29,2,19,6.6521,0,56.9025,exploration
2026-01-05 23:52:11,1,1,-5.4831,0,84.8793,exploration
2026-01-05 23:52:12,2,1,-5.8407,0,85.7233,exploration
2026-01-05 23:52:13,3,1,-5.0505,0,85.7344,exploration
2026-01-05 23:52:14,4,1,-4.4667,0,85.1675,exploration
2026-01-05 23:52:15,5,1,-5.1039,0,85.2514,exploration
2026-01-05 23:52:16,6,1,-5.2583,0,85.5024,exploration
2026-01-05 23:52:17,7,1,-4.581,0,85.0392,exploration
2026-01-05 23:52:18,8,1,-4.678,0,84.7006,exploration
2026-01-05 23:52:19,9,1,-5.0435,0,84.719,exploration
2026-01-05 23:52:20,10,1,-4.6395,0,84.3385,exploration
2026-01-05 23:52:21,11,1,-4.675,0,83.9873,exploration
2026-01-05 23:52:22,12,1,-4.8012,0,83.7582,exploration
2026-01-05 23:52:23,13,1,-5.2292,0,83.9674,exploration
2026-01-05 23:52:24,14,1,-5.7176,0,84.6841,exploration
2026-01-05 23:52:25,15,1,-4.9892,0,84.6357,exploration
2026-01-05 23:52:26,16,1,-4.5402,0,84.1468,exploration
2026-01-05 23:52:27,17,1,-5.1385,0,84.2781,exploration
2026-01-05 23:52:28,18,1,-4.9859,0,84.244,exploration
2026-01-05 23:52:29,19,1,-4.8453,0,84.0712,exploration
2026-01-05 23:52:30,20,1,-5.0074,0,84.0547,exploration
2026-01-05 23:52:31,21,1,-4.9494,0,83.9838,exploration
2026-01-05 23:52:32,22,1,-5.0212,0,83.985,exploration
2026-01-05 23:52:33,23,1,-5.0406,0,84.0054,exploration
2026-01-05 23:52:34,24,1,-5.2788,0,84.2763,exploration
2026-01-05 23:52:35,25,1,-5.3483,0,84.6047,exploration
2026-01-05 23:52:36,26,1,-5.1236,0,84.7157,exploration
2026-01-05 23:52:37,27,1,-5.03,0,84.726,exploration
2026-01-05 23:52:38,28,1,-4.9598,0,84.6604,exploration
2026-01-05 23:52:39,29,1,-4.9183,0,84.5576,exploration
2026-01-05 23:52:41,30,1,-4.9927,0,84.5303,exploration
2026-01-05 23:52:42,31,1,-4.9495,0,84.457,exploration
2026-01-05 23:52:43,32,1,-5.2796,0,84.7123,exploration
2026-01-05 23:52:44,33,1,-4.8902,0,84.5782,exploration
2026-01-05 23:52:45,34,1,-4.8255,0,84.3837,exploration
2026-01-05 23:52:46,35,1,-4.7087,0,84.0585,exploration
2026-01-05 23:52:47,36,1,-5.2714,0,84.3471,exploration
2026-01-05 23:52:48,37,1,-5.0227,0,84.3215,exploration
2026-01-05 23:52:49,38,1,-4.1071,0,83.4086,exploration
2026-01-05 23:52:50,39,1,-4.8287,0,83.2277,exploration
2026-01-05 23:52:51,40,1,-5.4997,0,83.7206,exploration
2026-01-05 23:52:52,41,1,-5.1148,0,83.8122,exploration
2026-01-05 23:52:53,42,1,-5.1524,0,83.9445,exploration
2026-01-05 23:52:54,43,1,-5.134,0,84.0547,exploration
2026-01-05 23:52:55,44,1,-5.2458,0,84.3042,exploration
2026-01-05 23:52:56,45,1,-5.1002,0,84.3711,exploration
2026-01-05 23:52:57,46,1,-5.2061,0,84.5573,exploration
2026-01-05 23:52:58,47,1,-5.2753,0,84.8036,exploration
2026-01-05 23:52:59,48,1,-5.0005,0,84.7957,exploration
2026-01-05 23:53:00,49,1,-5.156,0,84.9318,exploration
2026-01-05 23:53:01,50,1,-4.636,0,84.5477,exploration
2026-01-05 23:53:02,51,1,-5.0281,0,84.559,exploration
2026-01-05 23:53:03,52,1,-4.9799,0,84.5104,exploration
2026-01-05 23:53:04,53,1,-4.8054,0,84.2911,exploration
2026-01-05 23:53:05,54,1,-4.9228,0,84.1939,exploration
2026-01-05 23:53:06,55,1,-4.8862,0,84.0545,exploration
2026-01-05 23:53:07,56,1,-4.8188,0,83.8479,exploration
2026-01-05 23:53:08,57,1,-5.2804,0,84.1082,exploration
2026-01-05 23:53:09,58,1,-5.5237,0,84.623,exploration
2026-01-05 23:53:10,59,1,-5.1968,0,84.8016,exploration
2026-01-05 23:53:11,60,1,-5.0742,0,84.8592,exploration
2026-01-05 23:53:12,61,1,-5.0886,0,84.9278,exploration
2026-01-05 23:53:13,62,1,-5.0103,0,84.9168,exploration
2026-01-05 23:53:14,63,1,-4.9634,0,84.8576,exploration
2026-01-05 23:53:15,64,1,-4.7152,0,84.5529,exploration
2026-01-05 23:53:16,65,1,-4.6989,0,84.2261,exploration
2026-01-05 23:53:17,66,1,-5.0909,0,84.3041,exploration
2026-01-05 23:53:18,67,1,-5.2074,0,84.4953,exploration
2026-01-05 23:53:20,68,1,-5.0881,0,84.5655,exploration
2026-01-05 23:53:21,69,1,-5.047,0,84.5916,exploration
2026-01-05 23:53:22,70,1,-4.9249,0,84.4922,exploration
2026-01-05 23:53:23,71,1,-4.9335,0,84.4049,exploration
2026-01-05 23:53:24,72,1,-5.2906,0,84.6894,exploration
2026-01-05 23:53:25,73,1,-5.4063,0,85.0756,exploration
2026-01-05 23:53:26,74,1,-4.7695,0,84.7955,exploration
2026-01-05 23:53:27,75,1,-4.1747,0,83.9277,exploration
2026-01-05 23:53:28,76,1,-5.2219,0,84.1539,exploration
2026-01-05 23:53:29,77,1,-5.4501,0,84.5859,exploration
2026-01-05 23:53:30,78,1,-5.3607,0,84.9445,exploration
2026-01-05 23:53:31,79,1,-5.9171,0,85.8552,exploration
2026-01-05 23:53:32,80,1,-5.149,0,85.9843,exploration
2026-01-05 23:53:33,81,1,-4.9213,0,85.8821,exploration
2026-01-05 23:53:34,82,1,-4.9428,0,85.8006,exploration
2026-01-05 23:53:35,83,1,-4.8963,0,85.6704,exploration
2026-01-05 23:53:36,84,1,-4.8763,0,85.5259,exploration
2026-01-05 23:53:37,85,1,-4.6035,0,85.0859,exploration
2026-01-05 23:53:38,86,1,-4.3863,0,84.4378,exploration
2026-01-05 23:53:39,87,1,-4.9218,0,84.3478,exploration
2026-01-05 23:53:40,88,1,-5.3734,0,84.7168,exploration
2026-01-05 23:53:41,89,1,-4.9053,0,84.6022,exploration
2026-01-05 23:53:42,90,1,-4.8863,0,84.453,exploration
2026-01-05 23:53:43,91,1,-5.1323,0,84.5643,exploration
2026-01-05 23:53:44,92,1,-5.0896,0,84.6395,exploration
2026-01-05 23:53:45,93,1,-5.1491,0,84.7686,exploration
2026-01-05 23:53:46,94,1,-4.8708,0,84.609,exploration
2026-01-05 23:53:47,95,1,-4.6881,0,84.2678,exploration
2026-01-05 23:53:48,96,1,-4.9013,0,84.1499,exploration
2026-01-05 23:53:49,97,1,-5.0719,0,84.2017,exploration
2026-01-05 23:53:50,98,1,-5.1711,0,84.359,exploration
2026-01-05 23:53:51,99,1,-5.0586,0,84.3959,exploration
2026-01-05 23:53:52,100,1,-5.0248,0,84.4023,exploration
2026-01-05 23:53:54,101,1,-5.0502,0,84.4325,exploration
2026-01-05 23:53:55,102,1,-5.0093,0,84.4213,exploration
2026-01-05 23:53:56,103,1,-5.0154,0,84.4172,exploration
2026-01-05 23:53:57,104,1,-5.1569,0,84.5541,exploration
2026-01-05 23:53:58,105,1,-5.389,0,84.9491,exploration
2026-01-05 23:53:59,106,1,-5.0736,0,84.998,exploration
2026-01-05 23:54:00,107,1,-5.1404,0,85.1295,exploration
2026-01-05 23:54:01,108,1,-5.5786,0,85.7097,exploration
2026-01-05 23:54:02,109,1,-5.7393,0,86.4499,exploration
2026-01-05 23:54:03,110,1,-5.0161,0,86.446,exploration
2026-01-05 23:54:04,111,1,-4.345,0,85.7472,exploration
2026-01-05 23:54:05,112,1,-4.8537,0,85.5963,exploration
2026-01-05 23:54:06,113,1,-4.7862,0,85.3332,exploration
2026-01-05 23:54:07,114,1,-4.2064,0,84.5027,exploration
2026-01-05 23:54:08,115,1,-4.4831,0,83.9658,exploration
2026-01-05 23:54:09,116,1,-4.4936,0,83.4267,exploration
2026-01-05 23:54:10,117,1,-5.1971,0,83.6256,exploration
2026-01-05 23:54:11,118,1,-5.7284,0,84.3526,exploration
2026-01-05 23:54:12,119,1,-5.5116,0,84.8442,exploration
2026-01-05 23:54:13,120,1,-5.089,0,84.9294,exploration
2026-01-05 23:54:14,121,1,-4.9251,0,84.8364,exploration
2026-01-05 23:54:15,122,1,-4.7578,0,84.5584,exploration
2026-01-05 23:54:16,123,1,-4.9937,0,84.5481,exploration
2026-01-05 23:54:17,124,1,-5.4244,0,84.962,exploration
2026-01-05 23:54:18,125,1,-5.1737,0,85.1158,exploration
2026-01-05 23:54:19,126,1,-5.0376,0,85.1317,exploration
2026-01-05 23:54:20,127,1,-4.6468,0,84.7356,exploration
2026-01-05 23:54:21,128,1,-4.8092,0,84.5247,exploration
2026-01-05 23:54:22,129,1,-5.1974,0,84.7073,exploration
2026-01-05 23:54:23,130,1,-5.083,0,84.7706,exploration
2026-01-05 23:54:24,131,1,-5.0281,0,84.7787,exploration
2026-01-05 23:54:25,132,1,-4.9683,0,84.7245,exploration
2026-01-05 23:54:26,133,1,-4.9173,0,84.6218,exploration
2026-01-05 23:54:27,134,1,-4.8538,0,84.4497,exploration
2026-01-05 23:54:28,135,1,-4.9743,0,84.4062,exploration
2026-01-05 23:54:29,136,1,-5.0592,0,84.446,exploration
2026-01-05 23:54:30,137,1,-4.9671,0,84.3931,exploration
2026-01-05 23:54:32,138,1,-4.75,0,84.1121,exploration
2026-01-05 23:54:33,139,1,-4.5576,0,83.6313,exploration
2026-01-05 23:54:34,140,1,-5.2522,0,83.8635,exploration
2026-01-05 23:54:35,141,1,-5.8973,0,84.7699,exploration
2026-01-05 23:54:36,142,1,-5.496,0,85.254,exploration
2026-01-05 23:54:37,143,1,-5.228,0,85.4717,exploration
2026-01-05 23:54:38,144,1,-5.233,0,85.6886,exploration
2026-01-05 23:54:39,145,1,-4.7354,0,85.4041,exploration
2026-01-05 23:54:40,146,1,-4.8742,0,85.2391,exploration
2026-01-05 23:54:41,147,1,-5.0862,0,85.3053,exploration
2026-01-05 23:54:42,148,1,-4.9584,0,85.2403,exploration
2026-01-05 23:54:43,149,1,-5.3094,0,85.5297,exploration
2026-01-05 23:54:44,150,1,-5.3832,0,85.9034,exploration
2026-01-05 23:54:45,151,1,-5.2604,0,86.151,exploration
2026-01-05 23:54:46,152,1,-4.9642,0,86.0953,exploration
2026-01-05 23:54:47,153,1,-4.3652,0,85.4304,exploration
2026-01-05 23:54:48,154,1,-4.2482,0,84.6328,exploration
2026-01-05 23:54:49,155,1,-4.4483,0,84.0454,exploration
2026-01-05 23:54:50,156,1,-5.0833,0,84.1312,exploration
2026-01-05 23:54:51,157,1,-5.5597,0,84.6829,exploration
2026-01-05 23:54:52,158,1,-4.9709,0,84.6223,exploration
2026-01-05 23:54:53,159,1,-4.9925,0,84.6049,exploration
2026-01-05 23:54:54,160,1,-5.2368,0,84.8231,exploration
2026-01-05 23:54:55,161,1,-4.8598,0,84.6539,exploration
2026-01-05 23:54:56,162,1,-4.8743,0,84.5082,exploration
2026-01-05 23:54:57,163,1,-5.1601,0,84.6485,exploration
2026-01-05 23:54:58,164,1,-4.9439,0,84.5624,exploration
2026-01-05 23:54:59,165,1,-4.7369,0,84.2728,exploration
2026-01-05 23:55:00,166,1,-5.1244,0,84.3875,exploration
2026-01-05 23:55:01,167,1,-5.047,0,84.4145,exploration
2026-01-05 23:55:02,168,1,-4.8216,0,84.2118,exploration
2026-01-05 23:55:03,169,1,-5.1412,0,84.3417,exploration
2026-01-05 23:55:04,170,1,-5.1854,0,84.5089,exploration
2026-01-05 23:55:06,171,1,-5.0703,0,84.5592,exploration
2026-01-05 23:55:07,172,1,-4.9958,0,84.5327,exploration
2026-01-05 23:55:08,173,1,-4.9551,0,84.467,exploration
2026-01-05 23:55:09,174,1,-5.0372,0,84.4888,exploration
2026-01-05 23:55:10,175,1,-4.9199,0,84.3754,exploration
2026-01-05 23:55:11,176,1,-4.6507,0,83.9953,exploration
2026-01-05 23:55:12,177,1,-4.7475,0,83.7173,exploration
2026-01-05 23:55:13,178,1,-5.0976,0,83.8023,exploration
2026-01-05 23:55:14,179,1,-4.6972,0,83.454,exploration
2026-01-05 23:55:15,180,1,-4.449,0,82.875,exploration
2026-01-05 23:55:16,181,1,-5.0348,0,82.8961,exploration
2026-01-05 23:55:17,182,1,-5.537,0,83.413,exploration
2026-01-05 23:55:18,183,1,-5.4635,0,83.8603,exploration
2026-01-05 23:55:19,184,1,-5.4554,0,84.3253,exploration
2026-01-05 23:55:20,185,1,-5.0684,0,84.3537,exploration
2026-01-05 23:55:21,186,1,-4.3304,0,83.6472,exploration
2026-01-05 23:55:22,187,1,-5.211,0,83.8631,exploration
2026-01-05 23:55:23,188,1,-5.6797,0,84.5361,exploration
2026-01-05 23:55:24,189,1,-4.869,0,84.3659,exploration
2026-01-05 23:55:25,190,1,-4.4134,0,83.7593,exploration
2026-01-05 23:55:26,191,1,-4.6216,0,83.3493,exploration
2026-01-05 23:55:27,192,1,-4.8694,0,83.1971,exploration
2026-01-05 23:55:28,193,1,-4.9531,0,83.1281,exploration
2026-01-05 23:55:29,194,1,-5.4053,0,83.5371,exploration
2026-01-05 23:55:30,195,1,-5.3339,0,83.851,exploration
2026-01-05 23:55:31,196,1,-5.2437,0,84.093,exploration
2026-01-05 23:55:32,197,1,-5.6049,0,84.6932,exploration
2026-01-05 23:55:33,198,1,-5.3603,0,85.0335,exploration
2026-01-05 23:55:34,199,1,-4.9314,0,84.951,exploration
2026-01-05 23:55:35,200,1,-4.639,0,84.5552,exploration
2026-01-05 23:55:36,201,1,-4.9459,0,84.4882,exploration
2026-01-05 23:55:37,202,1,-5.2607,0,84.7344,exploration
2026-01-05 23:55:38,203,1,-4.8781,0,84.5796,exploration
2026-01-05 23:55:39,204,1,-4.7835,0,84.343,exploration
2026-01-05 23:55:41,205,1,-4.9318,0,84.2432,exploration
2026-01-05 23:55:42,206,1,-4.9658,0,84.1857,exploration
2026-01-05 23:55:43,207,1,-5.1807,0,84.3556,exploration
2026-01-05 23:55:44,208,1,-5.1774,0,84.5157,exploration
2026-01-05 23:55:45,209,1,-5.0414,0,84.5359,exploration
2026-01-05 23:55:46,210,1,-4.9543,0,84.4673,exploration
2026-01-05 23:55:47,211,1,-4.9362,0,84.3808,exploration
2026-01-05 23:55:48,212,1,-4.9956,0,84.357,exploration
2026-01-05 23:55:49,213,1,-4.9561,0,84.2885,exploration
2026-01-05 23:55:50,214,1,-4.8146,0,84.0715,exploration
2026-01-05 23:55:51,215,1,-4.9786,0,84.0368,exploration
2026-01-05 23:55:52,216,1,-5.2223,0,84.2449,exploration
2026-01-05 23:55:53,217,1,-5.4874,0,84.7337,exploration
2026-01-05 23:55:54,218,1,-5.273,0,84.9827,exploration
2026-01-05 23:55:55,219,1,-5.1863,0,85.16,exploration
2026-01-05 23:55:56,220,1,-5.6038,0,85.7662,exploration
2026-01-05 23:55:57,221,1,-5.3404,0,86.0857,exploration
2026-01-05 23:55:58,222,1,-4.4036,0,85.4365,exploration
2026-01-05 23:55:59,223,1,-0.554,0,81.0434,exploration
2026-01-05 23:56:00,224,1,-6.1569,0,82.1803,exploration
2026-01-05 23:56:01,225,1,-6.685,0,83.8613,exploration
2026-01-05 23:56:01,226,1,-4.9482,0,83.7894,exploration
2026-01-05 23:56:02,227,1,-5.0561,0,83.8404,exploration
2026-01-05 23:56:04,228,1,-4.9342,0,83.7359,exploration
2026-01-05 23:56:05,229,1,-4.6328,0,83.3424,exploration
2026-01-05 23:56:06,230,1,-5.1742,0,83.5152,exploration
2026-01-05 23:56:07,231,1,-5.2102,0,83.6997,exploration
2026-01-05 23:56:08,232,1,-5.3909,0,84.0706,exploration
2026-01-05 23:56:09,233,1,-5.5365,0,84.6123,exploration
2026-01-05 23:56:10,234,1,-5.3455,0,84.9532,exploration
2026-01-05 23:56:11,235,1,-5.104,0,85.0273,exploration
2026-01-05 23:56:12,236,1,-4.8908,0,84.9024,exploration
2026-01-05 23:56:13,237,1,-4.9291,0,84.8006,exploration
2026-01-05 23:56:14,238,1,-4.7339,0,84.5145,exploration
2026-01-05 23:56:15,239,1,-4.8616,0,84.3561,exploration
2026-01-05 23:56:16,240,1,-5.1592,0,84.4898,exploration
2026-01-05 23:56:17,241,1,-5.3283,0,84.8045,exploration
2026-01-05 23:56:18,242,1,-4.8946,0,84.6671,exploration
2026-01-05 23:56:19,243,1,-4.8496,0,84.497,exploration
2026-01-05 23:56:20,244,1,-4.9872,0,84.4623,exploration
2026-01-05 23:56:21,245,1,-5.3037,0,84.7536,exploration
2026-01-05 23:56:22,246,1,-4.9535,0,84.6824,exploration
2026-01-05 23:56:23,247,1,-4.8791,0,84.5377,exploration
2026-01-05 23:56:24,248,1,-5.0044,0,84.5221,exploration
2026-01-05 23:56:25,249,1,-5.06,0,84.5622,exploration
2026-01-05 23:56:26,250,1,-5.0777,0,84.623,exploration
2026-01-05 23:56:27,251,1,-5.2889,0,84.9098,exploration
2026-01-05 23:56:28,252,1,-5.7841,0,85.7039,exploration
2026-01-05 23:56:29,253,1,-5.2682,0,85.9454,exploration
2026-01-05 23:56:30,254,1,-4.9247,0,85.8541,exploration
2026-01-05 23:56:31,255,1,-5.4418,0,86.276,exploration
2026-01-05 23:56:32,256,1,-4.8068,0,86.0873,exploration
2026-01-05 23:56:33,257,1,-4.3202,0,85.3766,exploration
2026-01-05 23:56:34,258,1,-4.9316,0,85.298,exploration
2026-01-05 23:56:36,259,1,-5.273,0,85.5299,exploration
2026-01-05 23:56:37,260,1,-4.4863,0,84.9962,exploration
2026-01-05 23:56:38,261,1,-4.4153,0,84.404,exploration
2026-01-05 23:56:39,262,1,-5.2229,0,84.6105,exploration
2026-01-05 23:56:40,263,1,-4.9453,0,84.5304,exploration
2026-01-05 23:56:41,264,1,-4.8045,0,84.3155,exploration
2026-01-05 23:56:42,265,1,-4.8223,0,84.1075,exploration
2026-01-05 23:56:43,266,1,-4.831,0,83.9186,exploration
2026-01-05 23:56:44,267,1,-4.8621,0,83.7572,exploration
2026-01-05 23:56:45,268,1,-4.8142,0,83.5361,exploration
2026-01-05 23:56:46,269,1,-4.8694,0,83.3855,exploration
2026-01-05 23:56:47,270,1,-4.8435,0,83.1955,exploration
2026-01-05 23:56:48,271,1,-4.9014,0,83.0699,exploration
2026-01-05 23:56:49,272,1,-4.1954,0,82.2009,exploration
2026-01-05 23:56:50,273,1,-3.9075,0,81.0569,exploration
2026-01-05 23:56:51,274,1,-4.2164,0,80.2532,exploration
2026-01-05 23:56:52,275,1,-5.3823,0,80.6454,exploration
2026-01-05 23:56:53,276,1,-5.8146,0,81.4494,exploration
2026-01-05 23:56:54,277,1,-5.1536,0,81.5831,exploration
2026-01-06 04:03:40,1,11,-5.566,0,50.0913,exploration
2026-01-06 04:03:41,2,1,-5.0258,0,50.0973,exploration
2026-01-06 04:03:42,3,1,-5.0277,0,50.1051,exploration
2026-01-06 04:05:09,1,1,-5.0286,0,49.9407,exploration
2026-01-06 04:05:10,2,1,-5.0375,0,49.959,exploration
2026-01-06 04:05:11,3,1,-5.0418,0,49.9814,exploration
2026-01-06 04:05:12,4,1,-5.0413,0,50.0033,exploration
2026-01-06 04:05:13,5,1,-5.0366,0,50.0203,exploration
2026-01-06 04:05:14,6,1,-5.0325,0,50.0329,exploration
2026-01-06 04:05:15,7,1,-5.0226,0,50.0358,exploration
2026-01-06 04:05:16,8,1,-5.0088,0,50.0239,exploration
2026-01-06 04:05:17,9,1,-4.9995,0,50.0024,exploration
2026-01-06 04:05:18,10,1,-4.9852,0,49.9676,exploration
2026-01-06 04:05:19,11,1,-4.974,0,49.92,exploration
2026-01-06 04:05:20,12,1,-4.974,0,49.8727,exploration
2026-01-06 04:05:21,13,1,-4.9776,0,49.829,exploration
2026-01-06 04:05:22,14,1,-4.9813,0,49.7902,exploration
2026-01-06 04:05:24,15,1,-4.9913,0,49.7608,exploration
2026-01-06 04:05:25,16,1,-5.0097,0,49.7506,exploration
2026-01-06 04:05:26,17,1,-5.0242,0,49.7551,exploration
2026-01-06 04:05:27,18,1,-5.0317,0,49.7673,exploration
2026-01-06 04:05:28,19,1,-5.0381,0,49.7854,exploration
2026-01-06 04:05:29,20,1,-5.0466,0,49.812,exploration
2026-01-06 04:05:30,21,1,-5.0494,0,49.8424,exploration
2026-01-06 04:05:31,22,1,-5.0542,0,49.8776,exploration
2026-01-06 04:05:32,23,1,-5.0537,0,49.9113,exploration
2026-01-06 04:05:33,24,1,-5.0555,0,49.9479,exploration
2026-01-06 04:05:34,25,1,-5.0569,0,49.9862,exploration
2026-01-06 04:05:35,26,1,-5.0559,0,50.0234,exploration
2026-01-06 04:05:36,27,1,-5.0517,0,50.056,exploration
2026-01-06 04:05:37,28,1,-5.0469,0,50.0829,exploration
2026-01-06 04:05:38,29,1,-5.038,0,50.1021,exploration
2026-01-06 04:05:39,30,1,-5.0341,0,50.1167,exploration
2026-01-06 04:05:40,31,1,-5.0273,0,50.1242,exploration
2026-01-06 04:05:41,32,1,-5.0218,0,50.126,exploration
2026-01-06 04:05:42,33,1,-5.0202,0,50.1262,exploration
2026-01-06 04:05:43,34,1,-5.0189,0,50.1248,exploration
2026-01-06 04:05:44,35,1,-5.0145,0,50.1192,exploration
2026-01-06 04:05:45,36,1,-5.0202,0,50.1194,exploration
2026-01-06 04:05:46,37,1,-5.0202,0,50.1195,exploration
2026-01-06 04:05:47,38,1,-5.0154,0,50.1147,exploration
2026-01-06 04:05:48,39,1,-5.0152,0,49.7449,exploration
2026-01-06 04:05:49,40,1,-5.0161,0,50.1059,exploration
2026-01-06 04:05:50,41,1,-5.0139,0,50.0996,exploration
2026-01-06 04:05:51,42,1,-5.011,0,50.0901,exploration
2026-01-06 04:05:52,43,1,-5.0118,0,50.0816,exploration
2026-01-06 04:05:53,44,1,-5.009,0,50.0702,exploration
2026-01-06 04:05:54,45,1,-5.0107,0,50.0606,exploration
2026-01-06 04:05:55,46,1,-5.0127,0,50.0531,exploration
2026-01-06 04:05:56,47,1,-5.0124,0,50.0453,exploration
2026-01-06 04:05:57,48,1,-5.0109,0,50.0362,exploration
2026-01-06 04:05:58,49,1,-5.0092,0,50.0251,exploration
2026-01-06 04:05:59,50,1,-5.0127,0,50.0172,exploration
2026-01-06 04:06:01,51,1,-5.0129,0,50.01,exploration
2026-01-06 04:06:02,52,1,-5.0109,0,49.9999,exploration
2026-01-06 04:06:03,53,1,-5.0027,0,49.9818,exploration
2026-01-06 04:06:04,54,1,-4.9989,0,49.96,exploration
2026-01-06 04:06:15,55,11,-5.265,0,50.0062,exploration
2026-01-06 04:06:16,56,1,-5.0589,0,50.0451,exploration
2026-01-06 04:06:17,57,1,-5.061,0,50.0875,exploration
2026-01-06 04:06:18,58,1,-5.0639,0,50.1331,exploration
2026-01-06 04:06:19,59,1,-5.0678,0,50.1822,exploration
2026-01-06 04:06:20,60,1,-5.0499,0,50.2129,exploration
2026-01-06 04:06:21,61,1,-5.0427,0,50.2362,exploration
2026-01-06 04:06:22,62,1,-5.0341,0,50.2503,exploration
2026-01-06 04:06:23,63,1,-5.0293,0,50.2598,exploration
2026-01-06 04:06:24,64,1,-5.0275,0,50.2678,exploration
2026-01-06 04:06:25,65,1,-5.0296,0,50.2777,exploration
2026-01-06 04:06:26,66,1,-5.0303,0,50.2882,exploration
2026-01-06 04:06:27,67,1,-5.0218,0,50.2899,exploration
2026-01-06 04:06:28,68,1,-5.0148,0,50.2844,exploration
2026-01-06 04:06:29,69,1,-5.0058,0,50.2697,exploration
2026-01-06 04:06:54,70,25,-5.4812,0,50.2513,exploration
2026-01-06 04:06:55,71,1,-5.0315,0,50.2632,exploration
2026-01-06 04:06:56,72,1,-5.0305,0,50.2737,exploration
2026-01-06 04:06:57,73,1,-5.0264,0,50.2803,exploration
2026-01-06 04:06:58,74,1,-5.0276,0,50.2883,exploration
2026-01-06 04:07:01,75,3,-5.0892,0,50.3175,exploration
2026-01-06 04:07:02,76,1,-5.0235,0,50.3213,exploration
2026-01-06 04:07:03,77,1,-5.0187,0,50.3199,exploration
2026-01-06 04:07:11,78,7,-5.0552,0,50.2346,exploration
2026-01-06 04:07:12,79,1,-5.01,0,50.2243,exploration
2026-01-06 04:07:13,80,1,-5.0141,0,50.2185,exploration
2026-01-06 04:07:14,81,1,-5.0196,0,50.2179,exploration
2026-01-06 04:07:15,82,1,-5.0238,0,50.2219,exploration
2026-01-06 04:07:16,83,1,-5.0275,0,50.2296,exploration
2026-01-06 04:07:17,84,1,-5.0233,0,49.7593,exploration
2026-01-06 04:07:18,85,1,-5.0219,0,50.235,exploration
2026-01-06 04:07:19,86,1,-5.0205,0,50.2357,exploration
2026-01-06 04:07:20,87,1,-5.0264,0,50.2424,exploration
2026-01-06 04:07:21,88,1,-5.0263,0,50.2489,exploration
2026-01-06 04:07:22,89,1,-5.0241,0,50.253,exploration
2026-01-06 04:07:23,90,1,-5.0246,0,50.2577,exploration
2026-01-06 04:07:24,91,1,-5.0215,0,50.2591,exploration
2026-01-06 04:07:25,92,1,-5.0221,0,50.2614,exploration
2026-01-06 04:07:26,93,1,-5.0203,0,50.2618,exploration
2026-01-06 04:07:27,94,1,-5.0239,0,50.2658,exploration
2026-01-06 04:07:28,95,1,-5.0231,0,50.2689,exploration
2026-01-06 04:07:29,96,1,-5.0212,0,50.2701,exploration
2026-01-06 04:07:30,97,1,-5.0192,0,50.2692,exploration
2026-01-06 04:07:31,98,1,-5.0143,0,50.2635,exploration
2026-01-06 04:07:32,99,1,-5.0131,0,50.2564,exploration
2026-01-06 04:07:33,100,1,-5.0174,0,50.2539,exploration
2026-01-06 04:07:34,101,1,-5.0213,0,50.2556,exploration
2026-01-06 04:07:35,102,1,-5.0303,0,50.2658,exploration
2026-01-06 04:07:36,103,1,-5.0362,0,50.2825,exploration
2026-01-06 04:07:37,104,1,-5.0387,0,50.3019,exploration
2026-01-06 04:07:38,105,1,-5.0369,0,50.3192,exploration
2026-01-06 04:07:39,106,1,-5.029,0,50.3282,exploration
2026-01-06 04:07:40,107,1,-5.0231,0,50.3313,exploration
2026-01-06 04:07:41,108,1,-5.0155,0,50.3269,exploration
2026-01-06 04:07:42,109,1,-5.0047,0,50.3108,exploration
2026-01-06 04:07:43,110,1,-5.0017,0,50.2919,exploration
2026-01-06 04:07:44,111,1,-4.9938,0,50.2657,exploration
2026-01-06 04:07:45,112,1,-4.9924,0,50.2373,exploration
2026-01-06 04:07:46,113,1,-4.9944,0,50.2109,exploration
2026-01-06 04:07:48,114,1,-5.0006,0,50.191,exploration
2026-01-06 04:07:49,115,1,-5.0014,0,50.1723,exploration
2026-01-06 04:07:50,116,1,-5.0031,0,50.1549,exploration
2026-01-06 04:07:51,117,1,-5.0052,0,50.1395,exploration
2026-01-06 04:07:52,118,1,-5.0083,0,50.1275,exploration
2026-01-06 04:07:53,119,1,-5.0074,0,50.1149,exploration
2026-01-06 04:07:54,120,1,-4.9983,0,50.0925,exploration
2026-01-06 04:07:55,121,1,-4.9923,0,50.0637,exploration
2026-01-06 04:07:56,122,1,-4.9803,0,50.0224,exploration
2026-01-06 04:07:57,123,1,-4.9619,0,49.9625,exploration
2026-01-06 04:07:58,124,1,-4.9748,0,49.9173,exploration
2026-01-06 04:07:59,125,1,-4.9843,0,49.8802,exploration
2026-01-06 04:08:00,126,1,-4.9843,0,49.8433,exploration
2026-01-06 04:08:01,127,1,-4.9876,0,49.8099,exploration
2026-01-06 04:08:02,128,1,-4.9922,0,49.7821,exploration
2026-01-06 04:08:03,129,1,-4.9893,0,49.7504,exploration
2026-01-06 04:08:04,130,1,-4.9881,0,49.7176,exploration
2026-01-06 04:08:05,131,1,-4.9913,0,49.6881,exploration
2026-01-06 04:08:06,132,1,-4.9953,0,49.6607,exploration
2026-01-06 04:08:07,133,1,-4.9903,0,49.6271,exploration
2026-01-06 04:08:08,134,1,-4.9834,0,49.5894,exploration
2026-01-06 04:08:09,135,1,-4.9915,0,49.5601,exploration
2026-01-06 04:08:10,136,1,-4.992,0,49.5321,exploration
2026-01-06 04:08:11,137,1,-4.9938,0,49.5051,exploration
2026-01-06 04:08:12,138,1,-4.9972,0,49.4817,exploration
2026-01-06 04:08:13,139,1,-5.0072,0,49.4685,exploration
2026-01-06 04:08:14,140,1,-5.0098,0,49.4581,exploration
2026-01-06 04:08:15,141,1,-5.0099,0,49.448,exploration
2026-01-06 04:08:16,142,1,-5.004,0,49.4308,exploration
2026-01-06 04:08:17,143,1,-5.0004,0,49.4109,exploration
2026-01-06 04:08:19,144,1,-5.004,0,49.3945,exploration
2026-01-06 04:08:20,145,1,-5.0136,0,49.3881,exploration
2026-01-06 04:08:21,146,1,-5.0215,0,49.3896,exploration
2026-01-06 04:08:31,1,1,-5.0173,0,49.6401,exploration
2026-01-06 04:08:32,2,1,-5.0192,0,49.6394,exploration
2026-01-06 04:08:33,3,1,-5.0231,0,49.6425,exploration
2026-01-06 04:08:34,4,1,-5.0234,0,49.6459,exploration
2026-01-06 04:08:35,5,1,-5.0204,0,49.6464,exploration
2026-01-06 04:08:36,6,1,-5.0223,0,49.6488,exploration
2026-01-06 04:08:37,7,1,-5.0236,0,49.6525,exploration
2026-01-06 04:08:38,8,1,-5.0191,0,49.6516,exploration
2026-01-06 04:08:39,9,1,-5.0157,0,49.6471,exploration
2026-01-06 04:08:40,10,1,-5.016,0,49.643,exploration
2026-01-06 04:08:41,11,1,-5.0167,0,49.6395,exploration
2026-01-06 04:08:42,12,1,-5.0153,0,49.6347,exploration
2026-01-06 04:08:43,13,1,-5.0131,0,49.6275,exploration
2026-01-06 04:08:44,14,1,-5.0122,0,49.6195,exploration
2026-01-06 04:08:45,15,1,-5.0105,0,49.61,exploration
2026-01-06 04:08:46,16,1,-5.011,0,49.6006,exploration
2026-01-06 04:08:47,17,1,-5.0145,0,49.5949,exploration
2026-01-06 04:08:48,18,1,-5.0115,0,49.586,exploration
2026-01-06 04:08:49,19,1,-5.0084,0,49.5743,exploration
2026-01-06 04:08:50,20,1,-5.0174,0,49.5714,exploration
2026-01-06 04:08:51,21,1,-5.0239,0,49.5755,exploration
2026-01-06 04:08:53,22,1,-5.0178,0,49.5731,exploration
2026-01-06 04:08:54,23,1,-5.0096,0,49.5623,exploration
2026-01-06 04:08:55,24,1,-5.0023,0,49.5439,exploration
2026-01-06 04:08:56,25,1,-5.0011,0,49.5245,exploration
2026-01-06 04:08:57,26,1,-5.0091,0,49.5132,exploration
2026-01-06 04:08:58,27,1,-5.0122,0,49.5053,exploration
2026-01-06 04:08:59,28,1,-5.0169,0,49.5022,exploration
2026-01-06 04:09:00,29,1,-5.0229,0,49.5053,exploration
2026-01-06 04:09:01,30,1,-5.0291,0,49.5147,exploration
2026-01-06 04:09:02,31,1,-5.0321,0,49.5272,exploration
2026-01-06 04:09:03,32,1,-5.0353,0,49.543,exploration
2026-01-06 04:09:04,33,1,-5.039,0,49.5628,exploration
2026-01-06 04:09:05,34,1,-5.0461,0,49.5901,exploration
2026-01-06 04:09:06,35,1,-5.053,0,49.6231,exploration
2026-01-06 04:09:07,36,1,-5.0519,0,49.656,exploration
2026-01-06 04:09:08,37,1,-5.0479,0,49.6846,exploration
2026-01-06 04:09:09,38,1,-5.0435,0,49.7089,exploration
2026-01-06 04:09:10,39,1,-5.0404,0,49.7303,exploration
2026-01-06 04:09:11,40,1,-5.0494,0,49.7597,exploration
2026-01-06 04:09:12,41,1,-5.0484,0,49.7889,exploration
2026-01-06 04:09:13,42,1,-5.0446,0,49.8144,exploration
2026-01-06 04:09:14,43,1,-5.0402,0,49.8352,exploration
2026-01-06 04:09:15,44,1,-5.0409,0,49.8561,exploration
2026-01-06 04:09:16,45,1,-5.0391,0,49.8759,exploration
2026-01-06 04:09:17,46,1,-5.0445,0,49.9014,exploration
2026-01-06 04:09:18,47,1,-5.0504,0,49.9327,exploration
2026-01-06 04:09:19,48,1,-5.0477,0,49.9612,exploration
2026-01-06 04:09:20,49,1,-5.0364,0,49.9776,exploration
2026-01-06 04:09:21,50,1,-5.0355,0,49.9937,exploration
2026-01-06 04:09:22,51,1,-5.0368,0,50.0109,exploration
2026-01-06 04:09:23,52,1,-5.0356,0,50.0271,exploration
2026-01-06 04:09:24,53,1,-5.037,0,50.0441,exploration
2026-01-06 04:09:25,54,1,-5.0366,0,50.0613,exploration
2026-01-06 04:09:27,55,1,-5.0328,0,50.0744,exploration
2026-01-06 04:09:28,56,1,-5.023,0,50.0772,exploration
2026-01-06 04:13:01,1,2,-5.0343,0,55.6401,exploration
2026-01-06 04:13:03,2,2,-5.0686,0,55.6687,exploration
2026-01-06 04:13:04,3,1,-5.0467,0,55.6965,exploration
2026-01-06 04:13:05,4,1,-5.0509,0,55.7286,exploration
2026-01-06 04:13:06,5,1,-5.0581,0,55.7666,exploration
2026-01-06 04:13:07,6,1,-5.0563,0,55.8041,exploration
2026-01-06 04:13:12,7,5,-5.2681,0,55.975,exploration
2026-01-06 04:13:16,8,4,-5.4019,0,56.2981,exploration
2026-01-06 04:13:17,9,1,-5.017,0,56.2943,exploration
2026-01-06 04:13:18,10,1,-4.995,0,56.2693,exploration
2026-01-06 04:13:19,11,1,-4.99,0,56.2382,exploration
2026-01-06 04:13:20,12,1,-4.9932,0,56.2108,exploration
2026-01-06 04:13:21,13,1,-5.0093,0,56.2001,exploration
2026-01-06 04:13:22,14,1,-5.03,0,56.2101,exploration
2026-01-06 04:13:23,15,1,-5.042,0,56.2336,exploration
2026-01-06 04:13:24,16,1,-5.0538,0,56.2688,exploration
2026-01-06 04:13:25,17,1,-5.0669,0,56.3157,exploration
2026-01-06 04:13:26,18,1,-5.0743,0,56.3724,exploration
2026-01-06 04:13:27,19,1,-5.0791,0,56.4333,exploration
2026-01-06 04:13:28,20,1,-5.0769,0,56.4922,exploration
2026-01-06 04:13:29,21,1,-5.0718,0,56.546,exploration
2026-01-06 04:13:44,22,14,-7.5289,0,58.7949,exploration
2026-01-06 04:13:48,23,4,-4.4561,0,58.1496,exploration
2026-01-06 04:13:49,24,1,-4.8982,0,58.0278,exploration
2026-01-06 04:13:50,25,1,-4.9051,0,57.9092,exploration
2026-01-06 04:13:51,26,1,-4.8832,0,57.7707,exploration
2026-01-06 04:13:52,27,1,-4.8992,0,57.6499,exploration
2026-01-06 04:13:53,28,1,-4.8924,0,57.5213,exploration
2026-01-06 04:13:54,29,1,-4.8495,0,57.3358,exploration
2026-01-06 04:13:55,30,1,-4.4503,0,56.7447,exploration
2026-01-06 04:13:56,31,1,-4.4083,0,56.133,exploration
2026-01-06 04:13:57,32,1,-4.6452,0,55.7485,exploration
2026-01-06 04:13:58,33,1,-4.7439,0,55.4654,exploration
2026-01-06 04:13:59,34,1,-4.5178,0,54.9633,exploration
2026-01-06 04:14:19,35,20,-7.9568,0,57.5263,exploration
2026-01-06 04:14:43,36,25,-30.5356,0,82.7222,exploration
2026-01-06 04:14:44,37,1,-7.3749,0,85.111,exploration
2026-01-06 04:14:45,38,1,-5.3155,0,85.3964,exploration
2026-01-06 04:14:46,39,1,-4.5553,0,84.9316,exploration
2026-01-06 04:14:47,40,1,-4.5791,0,84.4755,exploration
2026-01-06 04:14:48,41,1,-4.7142,0,84.1624,exploration
2026-01-06 04:14:49,42,1,-4.9284,0,84.0719,exploration
2026-01-06 04:14:50,43,1,-5.0778,0,84.1297,exploration
2026-01-06 04:14:51,44,1,-5.0101,0,84.1189,exploration
2026-01-06 04:14:52,45,1,-5.0592,0,84.16,exploration
2026-01-06 04:14:53,46,1,-5.1117,0,84.2517,exploration
2026-01-06 04:14:54,47,1,-5.0447,0,84.2764,exploration
2026-01-06 04:14:55,48,1,-5.0654,0,84.3242,exploration
2026-01-06 04:14:56,49,1,-5.0738,0,84.378,exploration
2026-01-06 04:14:57,50,1,-5.2142,0,84.5754,exploration
2026-01-06 04:14:58,51,1,-4.8606,0,84.3965,exploration
2026-01-06 04:14:59,52,1,-4.979,0,84.3556,exploration
2026-01-06 04:15:00,53,1,-5.1223,0,84.4579,exploration
2026-01-06 04:15:01,54,1,-4.936,0,84.3863,exploration
2026-01-06 04:15:02,55,1,-5.0299,0,84.382,exploration
2026-01-06 04:15:03,56,1,-5.0175,0,84.3795,exploration
2026-01-06 04:15:04,57,1,-5.482,0,84.8543,exploration
2026-01-06 04:15:05,58,1,-5.1465,0,84.9808,exploration
2026-01-06 04:15:06,59,1,-5.0718,0,85.0404,exploration
2026-01-06 04:15:07,60,1,-5.1202,0,85.136,exploration
2026-01-06 04:15:08,61,1,-4.5719,0,84.6684,exploration
2026-01-06 04:15:10,62,1,-4.7452,0,84.3935,exploration
2026-01-06 04:15:11,63,1,-5.1546,0,84.5329,exploration
2026-01-06 04:15:12,64,1,-5.103,0,84.6167,exploration
2026-01-06 04:15:13,65,1,-4.96,0,84.5567,exploration
2026-01-06 04:15:14,66,1,-4.9674,0,84.5038,exploration
2026-01-06 04:15:15,67,1,-4.9926,0,84.4746,exploration
2026-01-06 04:15:16,68,1,-5.0307,0,84.4908,exploration
2026-01-06 04:15:17,69,1,-5.0181,0,84.489,exploration
2026-01-06 04:15:18,70,1,-4.9145,0,84.3818,exploration
2026-01-06 04:15:19,71,1,-5.0604,0,84.4256,exploration
2026-01-06 04:15:20,72,1,-5.1063,0,84.5131,exploration
2026-01-06 04:15:21,73,1,-4.9742,0,84.4673,exploration
2026-01-06 04:15:22,74,1,-4.9729,0,84.4199,exploration
2026-01-06 04:15:23,75,1,-5.0119,0,84.4096,exploration
2026-01-06 04:15:24,76,1,-4.7888,0,84.1784,exploration
2026-01-06 04:15:25,77,1,-5.0332,0,84.2064,exploration
2026-01-06 04:15:26,78,1,-5.0212,0,84.1951,exploration
2026-01-06 04:15:27,79,1,-4.4682,0,83.6254,exploration
2026-01-06 04:15:28,80,1,-4.7184,0,83.3239,exploration
2026-01-06 04:15:29,81,1,-5.451,0,83.7526,exploration
2026-01-06 04:15:30,82,1,-5.2723,0,83.9938,exploration
2026-01-06 04:15:31,83,1,-4.768,0,83.7421,exploration
2026-01-06 04:15:32,84,1,-5.186,0,83.9174,exploration
2026-01-06 04:15:33,85,1,-5.3899,0,84.2873,exploration
2026-01-06 04:15:34,86,1,-5.4673,0,84.7474,exploration
2026-01-06 04:15:35,87,1,-5.3323,0,85.0672,exploration
2026-01-06 04:15:36,88,1,-5.0355,0,85.0777,exploration
2026-01-06 04:15:37,89,1,-4.7353,0,84.793,exploration
2026-01-06 04:15:38,90,1,-4.7175,0,84.4715,exploration
2026-01-06 04:15:39,91,1,-4.8211,0,84.2683,exploration
2026-01-06 04:15:40,92,1,-5.1278,0,84.388,exploration
2026-01-06 04:15:41,93,1,-5.1424,0,84.5083,exploration
2026-01-06 04:15:42,94,1,-4.8573,0,84.3456,exploration
2026-01-06 04:15:43,95,1,-4.8542,0,84.1758,exploration
2026-01-06 04:15:44,96,1,-5.1312,0,84.2966,exploration
2026-01-06 04:15:45,97,1,-5.1399,0,84.4149,exploration
2026-01-06 04:15:46,98,1,-5.0621,0,84.457,exploration
2026-01-06 04:15:47,99,1,-5.071,0,84.5075,exploration
2026-01-06 04:15:49,100,1,-4.9267,0,84.4087,exploration
2026-01-06 04:15:50,101,1,-4.9816,0,84.3716,exploration
2026-01-06 04:15:51,102,1,-5.0551,0,84.4067,exploration
2026-01-06 04:15:52,103,1,-5.045,0,84.4328,exploration
2026-01-06 04:15:53,104,1,-5.0933,0,84.5102,exploration
2026-01-06 04:15:54,105,1,-5.1014,0,84.5915,exploration
2026-01-06 04:15:55,106,1,-4.8878,0,84.4601,exploration
2026-01-06 04:15:56,107,1,-4.8865,0,84.3255,exploration
2026-01-06 04:15:57,108,1,-5.0711,0,84.38,exploration
2026-01-06 04:15:58,109,1,-5.0501,0,84.4101,exploration
2026-01-06 04:15:59,110,1,-4.9992,0,84.3891,exploration
2026-01-06 04:16:00,111,1,-5.0969,0,84.4733,exploration
2026-01-06 04:16:01,112,1,-5.1004,0,84.5516,exploration
2026-01-06 04:16:02,113,1,-5.1515,0,84.6831,exploration
2026-01-06 04:16:03,114,1,-5.3776,0,85.0541,exploration
2026-01-06 04:16:04,115,1,-5.0425,0,85.0732,exploration
2026-01-06 04:16:05,116,1,-4.7664,0,84.8056,exploration
2026-01-06 04:16:06,117,1,-5.0367,0,84.8328,exploration
2026-01-06 04:16:07,118,1,-4.9354,0,84.7482,exploration
2026-01-06 04:16:08,119,1,-4.7737,0,84.5033,exploration
2026-01-06 04:16:09,120,1,-5.247,0,84.7412,exploration
2026-01-06 04:16:10,121,1,-5.3077,0,85.0352,exploration
2026-01-06 04:16:11,122,1,-5.2407,0,85.256,exploration
2026-01-06 04:16:12,123,1,-5.0461,0,85.285,exploration
2026-01-06 04:16:13,124,1,-4.7523,0,85.0035,exploration
2026-01-06 04:16:14,125,1,-4.9311,0,84.9184,exploration
2026-01-06 04:16:15,126,1,-5.1173,0,85.0168,exploration
2026-01-06 04:16:16,127,1,-5.0239,0,85.0207,exploration
2026-01-06 04:16:17,128,1,-4.908,0,84.9039,exploration
2026-01-06 04:16:18,129,1,-4.8595,0,84.7387,exploration
2026-01-06 04:16:19,130,1,-4.9108,0,84.6295,exploration
2026-01-06 04:16:20,131,1,-4.8807,0,84.4877,exploration
2026-01-06 04:16:21,132,1,-4.9884,0,84.459,exploration
2026-01-06 04:16:22,133,1,-5.0876,0,84.5276,exploration
2026-01-06 04:16:23,134,1,-4.9689,0,84.4765,exploration
2026-01-06 04:16:24,135,1,-4.9722,0,84.4292,exploration
2026-01-06 04:16:25,136,1,-5.1082,0,84.5215,exploration
2026-01-06 04:16:27,137,1,-5.1071,0,84.61,exploration
2026-01-06 04:16:28,138,1,-4.9318,0,84.5218,exploration
2026-01-06 04:16:29,139,1,-4.8778,0,84.3796,exploration
2026-01-06 04:16:30,140,1,-5.0129,0,84.3745,exploration
2026-01-06 04:16:31,141,1,-5.2031,0,84.5691,exploration
2026-01-06 04:16:32,142,1,-5.1926,0,84.7422,exploration
2026-01-06 04:16:33,143,1,-5.1262,0,84.8484,exploration
2026-01-06 04:16:34,144,1,-5.1583,0,84.9845,exploration
2026-01-06 04:16:35,145,1,-5.1916,0,85.1695,exploration
2026-01-06 04:16:36,146,1,-5.1124,0,85.2619,exploration
2026-01-06 04:16:37,147,1,-4.5801,0,84.8065,exploration
2026-01-06 04:16:38,148,1,-4.6491,0,84.4264,exploration
2026-01-06 04:16:39,149,1,-4.7712,0,84.1699,exploration
2026-01-06 04:16:40,150,1,-5.1914,0,84.3413,exploration
2026-01-06 04:16:41,151,1,-5.2933,0,84.6149,exploration
2026-01-06 04:16:42,152,1,-4.8565,0,84.4514,exploration
2026-01-06 04:16:43,153,1,-4.9246,0,84.3574,exploration
2026-01-06 04:16:44,154,1,-4.9936,0,84.3288,exploration
2026-01-06 04:16:45,155,1,-5.054,0,84.3668,exploration
2026-01-06 04:16:46,156,1,-5.0559,0,84.4027,exploration
2026-01-06 04:16:47,157,1,-4.9965,0,84.3783,exploration
2026-01-06 04:16:48,158,1,-5.0421,0,84.4051,exploration
2026-01-06 04:16:49,159,1,-5.0374,0,84.4197,exploration
2026-01-06 04:16:50,160,1,-5.065,0,84.4647,exploration
2026-01-06 04:16:51,161,1,-5.1518,0,84.6046,exploration
2026-01-06 04:16:52,162,1,-5.0514,0,84.6347,exploration
2026-01-06 04:16:53,163,1,-4.9943,0,84.609,exploration
2026-01-06 04:16:54,164,1,-4.9614,0,84.5467,exploration
2026-01-06 04:16:55,165,1,-5.2343,0,84.7686,exploration
2026-01-06 04:16:56,166,1,-4.8199,0,84.5437,exploration
2026-01-06 04:16:57,167,1,-4.637,0,84.1584,exploration
2026-01-06 04:16:58,168,1,-5.1756,0,84.314,exploration
2026-01-06 04:16:59,169,1,-5.3852,0,84.6898,exploration
2026-01-06 04:17:00,170,1,-5.133,0,84.801,exploration
2026-01-06 04:17:01,171,1,-4.6742,0,84.4374,exploration
2026-01-06 04:17:02,172,1,-4.9202,0,84.3515,exploration
2026-01-06 04:17:03,173,1,-5.3692,0,84.7007,exploration
2026-01-06 04:17:05,174,1,-4.9021,0,84.5653,exploration
2026-01-06 04:17:06,175,1,-4.6072,0,84.1428,exploration
2026-01-06 04:17:07,176,1,-4.8771,0,83.9994,exploration
2026-01-06 04:17:08,177,1,-5.2617,0,84.2535,exploration
2026-01-06 04:17:09,178,1,-5.1258,0,84.3592,exploration
2026-01-06 04:17:10,179,1,-5.0174,0,84.3609,exploration
2026-01-06 04:17:11,180,1,-5.1287,0,84.4716,exploration
2026-01-06 04:17:12,181,1,-5.0701,0,84.5229,exploration
2026-01-06 04:17:13,182,1,-4.9417,0,84.4446,exploration
2026-01-06 04:17:14,183,1,-4.8591,0,84.2837,exploration
2026-01-06 04:17:15,184,1,-4.9971,0,84.2609,exploration
2026-01-06 04:17:16,185,1,-5.0659,0,84.3094,exploration
2026-01-06 04:17:17,186,1,-5.0707,0,84.3609,exploration
2026-01-06 04:17:18,187,1,-4.9991,0,84.3389,exploration
2026-01-06 04:17:19,188,1,-5.0759,0,84.3948,exploration
2026-01-06 04:17:20,189,1,-5.112,0,84.4876,exploration
2026-01-06 04:17:21,190,1,-5.0097,0,84.4759,exploration
2026-01-06 04:17:22,191,1,-4.683,0,84.1204,exploration
2026-01-06 04:17:23,192,1,-4.8647,0,83.9651,exploration
2026-01-06 04:17:24,193,1,-4.9905,0,83.9242,exploration
2026-01-06 04:17:25,194,1,-4.823,0,83.7289,exploration
2026-01-06 04:17:26,195,1,-5.1441,0,83.8562,exploration
2026-01-06 04:17:27,196,1,-5.2768,0,84.1131,exploration
2026-01-06 04:17:28,197,1,-5.2354,0,84.3303,exploration
2026-01-06 04:17:29,198,1,-5.2191,0,84.5395,exploration
2026-01-06 04:17:30,199,1,-5.199,0,84.7194,exploration
2026-01-06 04:17:31,200,1,-5.0201,0,84.7195,exploration
2026-01-06 04:17:32,201,1,-4.786,0,84.4711,exploration
2026-01-06 04:17:33,202,1,-4.7752,0,84.2229,exploration
2026-01-06 04:17:34,203,1,-5.0872,0,84.2964,exploration
2026-01-06 04:17:35,204,1,-5.2402,0,84.5166,exploration
2026-01-06 04:17:36,205,1,-5.1454,0,84.6409,exploration
2026-01-06 04:17:37,206,1,-4.8964,0,84.5122,exploration
2026-01-06 04:17:38,207,1,-4.9316,0,84.4232,exploration
2026-01-06 04:17:39,208,1,-4.9987,0,84.4019,exploration
2026-01-06 04:17:40,209,1,-5.0012,0,84.3846,exploration
2026-01-06 04:17:41,210,1,-5.0916,0,84.4583,exploration
2026-01-06 04:17:43,211,1,-5.1448,0,84.5865,exploration
2026-01-06 04:17:44,212,1,-4.9683,0,84.5348,exploration
2026-01-06 04:17:45,213,1,-4.8625,0,84.3721,exploration
2026-01-06 04:17:46,214,1,-5.0205,0,84.376,exploration
2026-01-06 04:17:47,215,1,-5.1026,0,84.4586,exploration
2026-01-06 04:17:48,216,1,-4.9976,0,84.438,exploration
2026-01-06 04:17:49,217,1,-5.0921,0,84.5232,exploration
2026-01-06 04:17:50,218,1,-5.5335,0,85.0538,exploration
2026-01-06 04:17:51,219,1,-4.8177,0,84.8515,exploration
2026-01-06 04:17:52,220,1,-4.2616,0,84.0696,exploration
2026-01-06 04:17:53,221,1,-4.6489,0,83.6936,exploration
2026-01-06 04:17:54,222,1,-5.3342,0,84.0279,exploration
2026-01-06 04:17:55,223,1,-5.6944,0,84.7208,exploration
2026-01-06 04:17:56,224,1,-4.9207,0,84.6215,exploration
2026-01-06 04:17:57,225,1,-4.4207,0,84.0083,exploration
2026-01-06 04:17:58,226,1,-5.1186,0,84.1233,exploration
2026-01-06 04:17:59,227,1,-5.449,0,84.5603,exploration
2026-01-06 04:18:00,228,1,-5.3345,0,84.8749,exploration
2026-01-06 04:18:01,229,1,-5.2592,0,85.1193,exploration
2026-01-06 04:18:02,230,1,-5.0967,0,85.1973,exploration
2026-01-06 04:18:03,231,1,-4.6466,0,84.8239,exploration
2026-01-06 04:18:04,232,1,-4.4329,0,84.2228,exploration
2026-01-06 04:18:05,233,1,-4.9861,0,84.1962,exploration
2026-01-06 04:18:06,234,1,-5.1495,0,84.3256,exploration
2026-01-06 04:18:07,235,1,-4.9913,0,84.2961,exploration
2026-01-06 04:18:08,236,1,-5.0488,0,84.3272,exploration
2026-01-06 04:18:09,237,1,-5.0832,0,84.3922,exploration
2026-01-06 04:18:10,238,1,-5.0469,0,84.419,exploration
2026-01-06 04:18:11,239,1,-4.9849,0,84.3846,exploration
2026-01-06 04:18:12,240,1,-5.027,0,84.395,exploration
2026-01-06 04:18:13,241,1,-5.0298,0,84.4048,exploration
2026-01-06 04:18:14,242,1,-5.0994,0,84.4927,exploration
2026-01-06 04:18:15,243,1,-5.2584,0,84.7337,exploration
2026-01-06 04:18:16,244,1,-4.9438,0,84.6574,exploration
2026-01-06 04:18:17,245,1,-5.1144,0,84.7624,exploration
2026-01-06 04:18:18,246,1,-5.2304,0,84.9744,exploration
2026-01-06 04:18:19,247,1,-4.946,0,84.8963,exploration
2026-01-06 04:18:20,248,1,-4.6598,0,84.5362,exploration
2026-01-06 04:18:22,249,1,-4.5429,0,84.0468,exploration
2026-01-06 04:18:23,250,1,-4.9045,0,83.9343,exploration
2026-01-06 04:18:24,251,1,-5.2872,0,84.2131,exploration
2026-01-06 04:18:25,252,1,-5.3846,0,84.5777,exploration
2026-01-06 04:18:26,253,1,-5.2019,0,84.7617,exploration
2026-01-06 04:18:27,254,1,-5.0099,0,84.7489,exploration
2026-01-06 04:18:28,255,1,-5.0269,0,84.7571,exploration
2026-01-06 04:18:29,256,1,-4.9785,0,84.7156,exploration
2026-01-06 04:18:30,257,1,-4.8996,0,84.5922,exploration
2026-01-06 04:18:31,258,1,-4.9536,0,84.5238,exploration
2026-01-06 04:18:32,259,1,-4.981,0,84.4847,exploration
2026-01-06 04:18:33,260,1,-5.0064,0,84.4707,exploration
2026-01-06 04:18:34,261,1,-5.0866,0,84.5373,exploration
2026-01-06 04:18:35,262,1,-4.9872,0,84.4993,exploration
2026-01-06 04:18:36,263,1,-4.9581,0,84.4374,exploration
2026-01-06 04:18:37,264,1,-5.0278,0,84.445,exploration
2026-01-06 04:18:38,265,1,-4.9939,0,84.419,exploration
2026-01-06 04:18:39,266,1,-5.0783,0,84.4834,exploration
2026-01-06 04:18:40,267,1,-5.1004,0,84.5636,exploration
2026-01-06 04:18:41,268,1,-4.9795,0,84.5231,exploration
2026-01-06 04:18:42,269,1,-5.0233,0,84.5248,exploration
2026-01-06 04:18:43,270,1,-4.842,0,84.3342,exploration
2026-01-06 04:18:44,271,1,-5.1187,0,84.4328,exploration
2026-01-06 04:18:45,272,1,-5.4632,0,84.876,exploration
2026-01-06 04:18:46,273,1,-5.0336,0,84.8808,exploration
2026-01-06 04:18:47,274,1,-4.5435,0,84.3878,exploration
2026-01-06 04:18:48,275,1,-4.6303,0,83.9981,exploration
2026-01-06 04:18:49,276,1,-5.1285,0,84.1179,exploration
2026-01-06 04:18:50,277,1,-5.3802,0,84.4873,exploration
2026-01-06 04:18:51,278,1,-5.0116,0,84.4789,exploration
2026-01-06 04:18:52,279,1,-4.7957,0,84.2451,exploration
2026-01-06 04:18:53,280,1,-5.093,0,84.3277,exploration
2026-01-06 04:18:54,281,1,-5.1166,0,84.4232,exploration
2026-01-06 04:18:55,282,1,-4.9447,0,84.3453,exploration
2026-01-06 04:18:56,283,1,-5.0477,0,84.373,exploration
2026-01-06 04:18:57,284,1,-5.0984,0,84.4524,exploration
2026-01-06 04:18:58,285,1,-5.0238,0,84.4567,exploration
2026-01-06 04:19:00,286,1,-5.0629,0,84.501,exploration
2026-01-06 04:19:01,287,1,-4.9641,0,84.4451,exploration
2026-01-06 04:19:02,288,1,-4.8508,0,84.27,exploration
2026-01-06 04:19:03,289,1,-4.9693,0,84.221,exploration
2026-01-06 04:19:04,290,1,-5.1554,0,84.3614,exploration
2026-01-06 04:19:05,291,1,-5.151,0,84.4924,exploration
2026-01-06 04:19:06,292,1,-4.9788,0,84.4539,exploration
2026-01-06 04:19:07,293,1,-4.9453,0,84.3784,exploration
2026-01-06 04:19:08,294,1,-4.9816,0,84.3352,exploration
2026-01-06 04:19:09,295,1,-4.7982,0,84.1021,exploration
2026-01-06 04:19:10,296,1,-4.4978,0,83.5799,exploration
2026-01-06 04:19:11,297,1,-5.1626,0,83.7481,exploration
2026-01-06 04:19:12,298,1,-5.5853,0,84.3199,exploration
2026-01-06 04:19:13,299,1,-4.9382,0,84.2302,exploration
2026-01-06 04:19:14,300,1,-5.113,0,84.3376,exploration
2026-01-06 04:19:15,301,1,-4.9907,0,84.2917,exploration
2026-01-06 04:19:16,302,1,-4.4971,0,83.7688,exploration
2026-01-06 04:19:17,303,1,-4.955,0,83.689,exploration
2026-01-06 04:19:18,304,1,-5.0684,0,83.7334,exploration
2026-01-06 04:19:19,305,1,-5.1671,0,83.8947,exploration
2026-01-06 04:19:20,306,1,-5.3017,0,84.1788,exploration
2026-01-06 04:19:21,307,1,-5.291,0,84.4644,exploration
2026-01-06 04:19:22,308,1,-5.0577,0,84.4876,exploration
2026-01-06 04:19:23,309,1,-4.6256,0,84.0932,exploration
2026-01-06 04:19:24,310,1,-5.0061,0,84.0892,exploration
2026-01-06 04:19:25,311,1,-5.3293,0,84.4078,exploration
2026-01-06 04:19:26,312,1,-5.1359,0,84.5237,exploration
2026-01-06 04:19:27,313,1,-4.9973,0,84.5007,exploration
2026-01-06 04:19:28,314,1,-4.961,0,84.437,exploration
2026-01-06 04:19:29,315,1,-4.9654,0,84.3824,exploration
2026-01-06 04:19:30,316,1,-5.048,0,84.4094,exploration
2026-01-06 04:19:31,317,1,-5.0975,0,84.4887,exploration
2026-01-06 04:19:32,318,1,-5.078,0,84.5498,exploration
2026-01-06 04:19:33,319,1,-4.9699,0,84.4945,exploration
2026-01-06 04:19:34,320,1,-4.9285,0,84.4028,exploration
2026-01-06 04:19:36,321,1,-5.0087,0,84.391,exploration
2026-01-06 04:19:37,322,1,-5.0188,0,84.3902,exploration
2026-01-06 04:19:38,323,1,-4.9299,0,84.291,exploration
2026-01-06 04:19:39,324,1,-5.0531,0,84.3422,exploration
2026-01-06 04:19:40,325,1,-5.6433,0,84.9655,exploration
2026-01-06 04:19:41,326,1,-4.9101,0,84.8311,exploration
2026-01-06 04:19:42,327,1,-4.6793,0,84.494,exploration
2026-01-06 04:19:43,328,1,-5.0623,0,84.5363,exploration
2026-01-06 04:19:44,329,1,-5.0523,0,84.5744,exploration
2026-01-06 04:19:45,330,1,-4.9808,0,84.5273,exploration
2026-01-06 04:19:46,331,1,-4.7612,0,84.2684,exploration
2026-01-06 04:19:47,332,1,-5.0628,0,84.323,exploration
2026-01-06 04:19:48,333,1,-5.1715,0,84.4766,exploration
2026-01-06 04:19:49,334,1,-5.1766,0,84.6398,exploration
2026-01-06 04:19:50,335,1,-4.8967,0,84.5053,exploration
2026-01-06 04:19:51,336,1,-4.9142,0,84.3995,exploration
2026-01-06 04:19:52,337,1,-5.2388,0,84.6258,exploration
2026-01-06 04:19:53,338,1,-4.9312,0,84.5275,exploration
2026-01-06 04:19:54,339,1,-4.8465,0,84.3533,exploration
2026-01-06 04:19:55,340,1,-5.0955,0,84.4288,exploration
2026-01-06 04:19:56,341,1,-5.0294,0,84.4344,exploration
2026-01-06 04:19:57,342,1,-4.9538,0,84.3678,exploration
2026-01-06 04:19:58,343,1,-5.0638,0,84.414,exploration
2026-01-06 04:19:59,344,1,-5.0618,0,84.4557,exploration
2026-01-06 04:20:00,345,1,-4.9694,0,84.4063,exploration
2026-01-06 04:20:01,346,1,-5.0449,0,84.4364,exploration
2026-01-06 04:20:02,347,1,-5.1686,0,84.5881,exploration
2026-01-06 04:20:03,348,1,-4.9614,0,84.5229,exploration
2026-01-06 04:20:04,349,1,-4.9846,0,84.4875,exploration
2026-01-06 04:20:05,350,1,-5.0294,0,84.4963,exploration
2026-01-06 04:20:06,351,1,-4.9284,0,84.3968,exploration
2026-01-06 04:20:07,352,1,-4.9003,0,84.2771,exploration
2026-01-06 04:20:08,353,1,-5.0785,0,84.3368,exploration
2026-01-06 04:20:09,354,1,-4.8772,0,84.1827,exploration
2026-01-06 04:20:10,355,1,-4.6532,0,83.8055,exploration
2026-01-06 04:20:11,356,1,-4.6288,0,83.3983,exploration
2026-01-06 04:21:20,1,1,-5.0233,0,54.5259,exploration
2026-01-06 04:21:21,2,1,-5.0237,0,54.5297,exploration
2026-01-06 04:21:22,3,1,-5.028,0,54.5377,exploration
2026-01-06 04:21:23,4,1,-5.0295,0,54.5474,exploration
2026-01-06 04:21:24,5,1,-5.0267,0,54.5543,exploration
2026-01-06 04:21:25,6,1,-5.0251,0,54.5596,exploration
2026-01-06 04:21:26,7,1,-5.0242,0,54.5639,exploration
2026-01-06 04:21:27,8,1,-5.0195,0,54.5634,exploration
2026-01-06 04:21:28,9,1,-5.0158,0,54.5591,exploration
2026-01-06 04:21:29,10,1,-5.0197,0,54.5589,exploration
2026-01-06 04:21:30,11,1,-5.025,0,54.5641,exploration
2026-01-06 04:21:31,12,1,-5.031,0,54.5751,exploration
2026-01-06 04:21:32,13,1,-5.0325,0,54.588,exploration
2026-01-06 04:21:33,14,1,-5.0303,0,54.5986,exploration
2026-01-06 04:21:34,15,1,-5.029,0,54.6078,exploration
2026-01-06 04:21:35,16,1,-5.0281,0,54.6159,exploration
2026-01-06 04:21:36,17,1,-5.0286,0,54.6247,exploration
2026-01-06 04:21:37,18,1,-5.0284,0,54.6334,exploration
2026-01-06 04:21:38,19,1,-5.0276,0,54.6412,exploration
2026-01-06 04:21:39,20,1,-5.0232,0,54.6444,exploration
2026-01-06 04:21:40,21,1,-5.0202,0,54.6446,exploration
2026-01-06 04:21:41,22,1,-5.0107,0,54.6348,exploration
2026-01-06 04:21:42,23,1,-5.0044,0,54.6187,exploration
2026-01-06 04:21:43,24,1,-4.9976,0,54.5954,exploration
2026-01-06 04:21:44,25,1,-4.9954,0,54.5701,exploration
2026-01-06 04:21:45,26,1,-4.9988,0,54.5482,exploration
2026-01-06 04:21:46,27,1,-4.9995,0,54.527,exploration
2026-01-06 04:21:47,28,1,-5.0041,0,54.5107,exploration
2026-01-06 04:21:48,29,1,-5.006,0,54.4967,exploration
2026-01-06 04:21:49,30,1,-5.0034,0,54.4797,exploration
2026-01-06 04:21:50,31,1,-5.0081,0,54.4675,exploration
2026-01-06 04:21:51,32,1,-5.0155,0,54.4628,exploration
2026-01-06 04:21:53,33,1,-5.0193,0,54.4622,exploration
2026-01-06 04:22:56,34,63,-6.3413,0,54.5435,exploration
2026-01-06 04:22:57,35,1,-5.02,0,54.5435,exploration
2026-01-06 04:22:58,36,1,-5.02,0,54.5435,exploration
2026-01-06 04:24:21,1,1,-5.0233,0,54.5548,exploration
2026-01-06 04:24:22,2,1,-5.0289,0,54.5641,exploration
2026-01-06 04:24:23,3,1,-5.0351,0,54.5796,exploration
2026-01-06 04:24:24,4,1,-5.0323,0,54.5919,exploration
2026-01-06 04:24:25,5,1,-5.0304,0,54.6025,exploration
2026-01-06 04:24:26,6,1,-5.0274,0,54.6102,exploration
2026-01-06 04:24:27,7,1,-5.0302,0,54.6207,exploration
2026-01-06 04:24:28,8,1,-5.0302,0,54.6309,exploration
2026-01-06 04:24:29,9,1,-5.0275,0,54.6386,exploration
2026-01-06 04:24:30,10,1,-5.0258,0,54.6446,exploration
2026-01-06 04:24:31,11,1,-5.0225,0,54.6471,exploration
2026-01-06 04:24:32,12,1,-5.0172,0,54.6441,exploration
2026-01-06 04:24:33,13,1,-5.0148,0,54.6389,exploration
2026-01-06 04:24:35,14,1,-5.0202,0,54.6392,exploration
2026-01-06 04:24:36,15,1,-5.0257,0,54.6451,exploration
2026-01-06 04:24:37,16,1,-5.0314,0,54.6572,exploration
2026-01-06 04:24:38,17,1,-5.0321,0,54.6696,exploration
2026-01-06 04:24:39,18,1,-5.0313,0,54.6809,exploration
2026-01-06 04:24:40,19,1,-5.0294,0,54.6907,exploration
2026-01-06 04:24:41,20,1,-5.0302,0,54.7012,exploration
2026-01-06 04:24:43,21,2,-5.0629,0,54.7246,exploration
2026-01-06 04:24:46,22,3,-5.0785,0,54.7429,exploration
2026-01-06 04:24:47,23,1,-5.01,0,54.7328,exploration
2026-01-06 04:24:48,24,1,-5.005,0,54.717,exploration
2026-01-06 04:24:49,25,1,-4.9966,0,54.6929,exploration
2026-01-06 04:24:50,26,1,-4.9953,0,54.6673,exploration
2026-01-06 04:24:51,27,1,-4.9967,0,54.6433,exploration
2026-01-06 04:24:52,28,1,-4.9962,0,54.6196,exploration
2026-01-06 04:24:53,29,1,-4.9964,0,54.5951,exploration
2026-01-06 04:24:54,30,1,-4.9968,0,54.5709,exploration
2026-01-06 04:24:55,31,1,-4.9938,0,54.5447,exploration
2026-01-06 04:24:56,32,1,-5.005,0,54.5285,exploration
2026-01-06 04:24:57,33,1,-5.0135,0,54.5219,exploration
2026-01-06 04:24:58,34,1,-5.0191,0,54.5211,exploration
2026-01-06 04:24:59,35,1,-5.0242,0,54.5253,exploration
2026-01-06 04:25:00,36,1,-5.0264,0,54.5318,exploration
2026-01-06 04:25:01,37,1,-5.0288,0,54.541,exploration
2026-01-06 04:25:02,38,1,-5.0333,0,54.5547,exploration
2026-01-06 04:25:03,39,1,-5.0369,0,54.5716,exploration
2026-01-06 04:25:04,40,1,-5.0437,0,54.5963,exploration
2026-01-06 04:25:05,41,1,-5.0418,0,54.6187,exploration
2026-01-06 04:25:06,42,1,-5.0334,0,54.6324,exploration
2026-01-06 04:25:07,43,1,-5.0307,0,54.6431,exploration
2026-01-06 04:25:08,44,1,-5.0217,0,54.6451,exploration
2026-01-06 04:25:09,45,1,-5.0146,0,54.6394,exploration
2026-01-06 04:25:10,46,1,-5.0128,0,54.632,exploration
2026-01-06 04:25:11,47,1,-5.0171,0,54.6291,exploration
2026-01-06 04:25:12,48,1,-5.0146,0,54.6234,exploration
2026-01-06 04:25:13,49,1,-5.0097,0,54.6131,exploration
2026-01-06 04:25:15,50,1,-5.0093,0,54.602,exploration
2026-01-06 04:25:16,51,1,-5.0057,0,54.5873,exploration
2026-01-06 04:25:17,52,1,-5.0036,0,54.5702,exploration
2026-01-06 04:25:18,53,1,-5.0009,0,54.5505,exploration
2026-01-06 04:25:19,54,1,-4.9954,0,54.5258,exploration
2026-01-06 04:25:20,55,1,-4.9882,0,54.493,exploration
2026-01-06 04:25:21,56,1,-4.9946,0,54.4668,exploration
2026-01-06 04:25:22,57,1,-5.0093,0,54.4559,exploration
2026-01-06 04:25:23,58,1,-5.0233,0,54.4596,exploration
2026-01-06 04:25:24,59,1,-5.0414,0,54.481,exploration
2026-01-06 04:25:25,60,1,-5.0558,0,54.5182,exploration
2026-01-06 04:25:26,61,1,-5.0638,0,54.5634,exploration
2026-01-06 04:25:27,62,1,-5.0627,0,54.6075,exploration
2026-01-06 04:25:28,63,1,-5.0657,0,54.6532,exploration
2026-01-06 04:25:29,64,1,-5.0673,0,54.7023,exploration
2026-01-06 04:25:30,65,1,-5.0688,0,54.7527,exploration
2026-01-06 04:25:31,66,1,-5.067,0,54.8012,exploration
2026-01-06 04:25:32,67,1,-5.0743,0,54.8573,exploration
2026-01-06 04:25:33,68,1,-5.0683,0,54.9056,exploration
2026-01-06 04:25:34,69,1,-5.0763,0,54.9642,exploration
2026-01-06 04:25:35,70,1,-5.0697,0,55.0154,exploration
2026-01-06 04:25:36,71,1,-5.0598,0,55.0565,exploration
2026-01-06 04:25:37,72,1,-5.0499,0,55.0873,exploration
2026-01-06 04:25:38,73,1,-5.0377,0,55.105,exploration
2026-01-06 04:25:53,1,1,-5.0257,0,54.6022,exploration
2026-01-06 04:25:54,2,1,-5.0237,0,54.606,exploration
2026-01-06 04:25:55,3,1,-5.0246,0,54.6109,exploration
2026-01-06 04:25:56,4,1,-5.0347,0,54.6262,exploration
2026-01-06 04:25:57,5,1,-5.0437,0,54.6499,exploration
2026-01-06 04:25:58,6,1,-5.044,0,54.6755,exploration
2026-01-06 04:26:00,7,1,-5.0481,0,54.7049,exploration
2026-01-06 04:26:01,8,1,-5.0504,0,54.7363,exploration
2026-01-06 04:26:02,9,1,-5.0492,0,54.7664,exploration
2026-01-06 04:26:03,10,1,-5.0489,0,54.7953,exploration
2026-01-06 04:26:04,11,1,-5.0446,0,54.8207,exploration
2026-01-06 04:26:05,12,1,-5.0395,0,54.8408,exploration
2026-01-06 04:26:06,13,1,-5.034,0,54.8554,exploration
2026-01-06 04:26:07,14,1,-5.034,0,54.8698,exploration
2026-01-06 04:26:08,15,1,-5.0337,0,54.8842,exploration
2026-01-06 04:26:09,16,1,-5.0344,0,54.8986,exploration
2026-01-06 04:26:10,17,1,-5.0304,0,54.9091,exploration
2026-01-06 04:26:11,18,1,-5.0265,0,54.9159,exploration
2026-01-06 04:26:12,19,1,-5.0268,0,54.9227,exploration
2026-01-06 04:26:13,20,1,-5.0221,0,54.9249,exploration
2026-01-06 04:26:14,21,1,-5.0245,0,54.9295,exploration
2026-01-06 04:26:15,22,1,-5.0247,0,54.9343,exploration
2026-01-06 04:26:16,23,1,-5.0171,0,54.9314,exploration
2026-01-06 04:26:17,24,1,-5.0136,0,54.9249,exploration
2026-01-06 04:26:18,25,1,-5.0119,0,54.9165,exploration
2026-01-06 04:26:19,26,1,-5.0012,0,54.897,exploration
2026-01-06 04:26:20,27,1,-4.9957,0,54.8727,exploration
2026-01-06 04:26:21,28,1,-4.9891,0,54.8418,exploration
2026-01-06 04:26:22,29,1,-4.9943,0,54.8153,exploration
2026-01-06 04:26:23,30,1,-4.998,0,54.7925,exploration
2026-01-06 04:26:24,31,1,-5.0002,0,54.7722,exploration
2026-01-06 04:26:25,32,1,-5.0058,0,54.7576,exploration
2026-01-06 04:26:26,33,1,-5.0058,0,54.7435,exploration
2026-01-06 04:26:27,34,1,-5.0008,0,54.7238,exploration
2026-01-06 04:26:28,35,1,-5.0101,0,54.7137,exploration
2026-01-06 04:26:29,36,1,-5.017,0,54.7106,exploration
2026-01-06 04:26:30,37,1,-5.0245,0,54.7154,exploration
2026-01-06 04:26:31,38,1,-5.0282,0,54.7235,exploration
2026-01-06 04:26:32,39,1,-5.0361,0,54.7404,exploration
2026-01-06 04:26:33,40,1,-5.0415,0,54.7624,exploration
2026-01-06 04:26:34,41,1,-5.0407,0,54.7838,exploration
2026-01-06 04:26:36,42,1,-5.044,0,54.8086,exploration
2026-01-06 04:26:37,43,1,-5.0424,0,54.8317,exploration
2026-01-06 04:26:38,44,1,-5.044,0,54.8557,exploration
2026-01-06 04:26:39,45,1,-5.0436,0,54.88,exploration
2026-01-06 04:26:40,46,1,-5.0364,0,54.8969,exploration
2026-01-06 04:26:41,47,1,-5.0224,0,54.8992,exploration
2026-01-06 04:26:42,48,1,-5.0109,0,54.8896,exploration
2026-01-06 04:26:43,49,1,-5.0066,0,54.8759,exploration
2026-01-06 04:26:44,50,1,-5.0066,0,54.862,exploration
2026-01-06 04:26:45,51,1,-5.0084,0,54.8502,exploration
2026-01-06 04:26:46,52,1,-5.0125,0,54.8428,exploration
2026-01-06 04:26:47,53,1,-5.0119,0,54.8344,exploration
2026-01-06 04:26:48,54,1,-5.0182,0,54.8326,exploration
2026-01-06 04:26:49,55,1,-5.02,0,54.8326,exploration
2026-01-06 04:32:42,1,1,-5.051,0,54.6389,exploration
2026-01-06 04:32:43,2,1,-5.0606,0,54.6808,exploration
2026-01-06 04:32:44,3,1,-5.0649,0,54.7257,exploration
2026-01-06 04:32:45,4,1,-5.0678,0,54.7754,exploration
2026-01-06 04:32:46,5,1,-5.069,0,54.8261,exploration
2026-01-06 04:32:48,6,1,-5.0667,0,54.8742,exploration
2026-01-06 04:32:49,7,1,-5.0628,0,54.9182,exploration
2026-01-06 04:32:50,8,1,-5.0558,0,54.954,exploration
2026-01-06 04:32:51,9,1,-5.0579,0,54.9928,exploration
2026-01-06 04:32:52,10,1,-5.0441,0,55.0177,exploration
2026-01-06 04:32:53,11,1,-5.0383,0,55.0367,exploration
2026-01-06 04:32:54,12,1,-5.0302,0,55.047,exploration
2026-01-06 04:32:55,13,1,-5.02,0,55.047,exploration
2026-01-06 04:32:56,14,1,-5.0142,0,55.0412,exploration
2026-01-06 04:32:57,15,1,-5.013,0,55.0339,exploration
2026-01-06 04:32:58,16,1,-5.0144,0,55.0281,exploration
2026-01-06 04:32:59,17,1,-5.0129,0,55.021,exploration
2026-01-06 04:33:00,18,1,-5.0112,0,55.0122,exploration
2026-01-06 04:33:01,19,1,-5.0063,0,54.9979,exploration
2026-01-06 04:33:02,20,1,-5.0056,0,54.9831,exploration
2026-01-06 04:33:03,21,1,-5.0107,0,54.9735,exploration
2026-01-06 04:33:04,22,1,-5.0125,0,54.966,exploration
2026-01-06 04:33:05,23,1,-5.0122,0,54.9582,exploration
2026-01-06 04:33:06,24,1,-5.0157,0,54.9538,exploration
2026-01-06 04:33:07,25,1,-5.0141,0,54.9475,exploration
2026-01-06 04:33:08,26,1,-5.0095,0,54.937,exploration
2026-01-06 04:33:09,27,1,-5.0167,0,54.9333,exploration
2026-01-06 04:33:10,28,1,-5.0286,0,54.9424,exploration
2026-01-06 04:33:11,29,1,-5.0361,0,54.9592,exploration
2026-01-06 04:33:12,30,1,-5.0401,0,54.9793,exploration
2026-01-06 04:33:13,31,1,-5.0452,0,55.0052,exploration
2026-01-06 04:33:14,32,1,-5.0458,0,55.0317,exploration
2026-01-06 04:33:15,33,1,-5.0423,0,55.0548,exploration
2026-01-06 04:33:16,34,1,-5.0431,0,55.0788,exploration
2026-01-06 04:33:17,35,1,-5.0406,0,55.0994,exploration
2026-01-06 11:51:54,1,1,-5.0181,0,54.5372,exploration
2026-01-06 11:51:55,2,1,-5.0139,0,54.5311,exploration
2026-01-06 11:51:57,3,1,-5.0137,0,54.5246,exploration
2026-01-06 11:51:58,4,1,-5.0115,0,54.5159,exploration
2026-01-06 11:51:59,5,1,-5.0137,0,54.5092,exploration
2026-01-06 11:52:00,6,1,-5.0079,0,54.4968,exploration
2026-01-06 11:52:01,7,1,-5.0081,0,54.4845,exploration
2026-01-06 11:52:02,8,1,-5.0163,0,54.4809,exploration
2026-01-06 11:52:03,9,1,-5.0266,0,54.4875,exploration
2026-01-06 11:52:04,10,1,-5.0286,0,54.4964,exploration
2026-01-06 11:52:05,11,1,-5.0292,0,54.506,exploration
2026-01-06 11:52:06,12,1,-5.0323,0,54.5188,exploration
2026-01-06 11:52:07,13,1,-5.0377,0,54.5373,exploration
2026-01-06 11:52:08,14,1,-5.0458,0,54.564,exploration
2026-01-06 11:52:09,15,1,-5.0518,0,54.5969,exploration
2026-01-06 11:52:10,16,1,-5.0515,0,54.6294,exploration
2026-01-06 11:52:11,17,1,-5.0461,0,54.6562,exploration
2026-01-06 11:52:12,18,1,-5.0401,0,54.6771,exploration
2026-01-06 11:52:13,19,1,-5.0396,0,54.6966,exploration
2026-01-06 11:52:14,20,1,-5.0266,0,54.7033,exploration
2026-01-06 11:52:15,21,1,-5.0219,0,54.7053,exploration
2026-01-06 11:52:16,22,1,-5.0255,0,54.7111,exploration
2026-01-06 11:52:17,23,1,-5.0271,0,54.7185,exploration
2026-01-06 11:52:18,24,1,-5.0296,0,54.7283,exploration
2026-01-06 11:52:19,25,1,-5.0274,0,54.7359,exploration
2026-01-06 11:52:20,26,1,-5.0245,0,54.7404,exploration
2026-01-06 11:52:21,27,1,-5.0233,0,54.7439,exploration
2026-01-06 11:52:22,28,1,-5.0299,0,54.7542,exploration
2026-01-06 11:52:23,29,1,-5.0319,0,54.7664,exploration
2026-01-06 11:52:24,30,1,-5.0265,0,54.7732,exploration
2026-01-06 11:52:25,31,1,-5.0256,0,54.7788,exploration
2026-01-06 11:52:26,32,1,-5.0221,0,54.7809,exploration
2026-01-06 11:52:27,33,1,-5.0171,0,54.7777,exploration
2026-01-06 11:52:28,34,1,-5.0167,0,54.7744,exploration
2026-01-06 11:52:29,35,1,-5.0222,0,54.7767,exploration
2026-01-06 11:52:31,36,1,-5.0281,0,54.7852,exploration
2026-01-06 11:52:32,37,1,-5.0341,0,54.7993,exploration
2026-01-06 11:52:33,38,1,-5.0326,0,54.8124,exploration
2026-01-06 11:52:34,39,1,-5.0316,0,54.8242,exploration
2026-01-06 11:52:39,40,5,-5.1432,0,54.8674,exploration
2026-01-06 11:52:40,41,1,-5.0228,0,54.8703,exploration
2026-01-06 11:52:41,42,1,-5.0162,0,54.8665,exploration
2026-01-06 11:52:42,43,1,-5.0082,0,54.8543,exploration
2026-01-06 11:52:43,44,1,-5.0021,0,54.8357,exploration
2026-01-06 11:52:44,45,1,-4.995,0,54.8098,exploration
2026-01-06 11:52:45,46,1,-4.9965,0,54.7856,exploration
2026-01-06 11:52:46,47,1,-4.9944,0,54.7592,exploration
2026-01-06 11:52:47,48,1,-4.9925,0,54.7306,exploration
2026-01-06 11:52:48,49,1,-4.9953,0,54.7052,exploration
2026-01-06 11:52:49,50,1,-4.9933,0,54.6784,exploration
2026-01-06 11:52:50,51,1,-4.9872,0,54.6445,exploration
2026-01-06 11:52:51,52,1,-4.997,0,54.6211,exploration
2026-01-06 11:52:52,53,1,-5.0094,0,54.6102,exploration
2026-01-06 11:52:53,54,1,-5.0185,0,54.6087,exploration
2026-01-06 11:52:54,55,1,-5.0239,0,54.6127,exploration
2026-01-06 11:52:55,56,1,-5.0272,0,54.6203,exploration
2026-01-06 11:52:56,57,1,-5.0303,0,54.6309,exploration
2026-01-06 11:52:57,58,1,-5.0366,0,54.6482,exploration
2026-01-06 11:53:17,59,20,-5.2932,0,54.5417,exploration
2026-01-06 11:53:18,60,1,-5.0375,0,54.5592,exploration
2026-01-06 11:53:19,61,1,-5.0497,0,54.5895,exploration
2026-01-06 11:53:20,62,1,-5.0576,0,54.6282,exploration
2026-01-06 11:53:21,63,1,-5.0543,0,54.6642,exploration
2026-01-06 11:53:22,64,1,-5.0565,0,54.7017,exploration
2026-01-06 11:53:23,65,1,-5.0553,0,54.737,exploration
2026-01-06 11:53:24,66,1,-5.0135,0,54.7305,exploration
2026-01-06 11:53:25,67,1,-4.8256,0,54.5344,exploration
2026-01-06 11:53:26,68,1,-5.0781,0,54.6004,exploration
2026-01-06 11:53:28,69,1,-5.454,0,55.047,exploration
2026-01-06 11:53:29,70,1,-4.7672,0,54.7587,exploration
2026-01-06 11:53:30,71,1,-4.5636,0,54.3023,exploration
2026-01-06 12:00:41,1,1,-5.013,0,54.5463,exploration
2026-01-06 12:00:42,2,1,-5.0168,0,54.543,exploration
2026-01-06 12:00:43,3,1,-5.0174,0,54.5403,exploration
2026-01-06 12:00:44,4,1,-5.0193,0,54.5396,exploration
2026-01-06 12:00:45,5,1,-5.0234,0,54.5433,exploration
2026-01-06 12:00:46,6,1,-5.0241,0,54.5475,exploration
2026-01-06 12:00:47,7,1,-5.0248,0,54.5523,exploration
2026-01-06 12:00:48,8,1,-5.0268,0,54.5593,exploration
2026-01-06 12:00:49,9,1,-5.0263,0,54.5657,exploration
2026-01-06 12:00:50,10,1,-5.0245,0,54.5704,exploration
2026-01-06 12:00:51,11,1,-5.0232,0,54.5736,exploration
2026-01-06 12:00:52,12,1,-5.0269,0,54.5809,exploration
2026-01-06 12:00:53,13,1,-5.0248,0,54.5859,exploration
2026-01-06 12:00:54,14,1,-5.0247,0,54.5907,exploration
2026-01-06 12:00:55,15,1,-5.0276,0,54.5985,exploration
2026-01-06 12:00:56,16,1,-5.0218,0,54.6003,exploration
2026-01-06 12:00:57,17,1,-5.0189,0,54.5991,exploration
2026-01-06 12:00:58,18,1,-5.0192,0,54.5982,exploration
2026-01-06 12:01:00,19,1,-5.0182,0,54.5964,exploration
2026-01-06 12:01:01,20,1,-5.0157,0,54.5921,exploration
2026-01-06 12:01:02,21,1,-5.012,0,54.5838,exploration
2026-01-06 12:01:03,22,1,-5.0159,0,54.5796,exploration
2026-01-06 12:01:04,23,1,-5.0211,0,54.5807,exploration
2026-01-06 12:01:05,24,1,-5.0178,0,54.5785,exploration
2026-01-06 12:01:06,25,1,-5.0173,0,54.5755,exploration
2026-01-06 12:01:07,26,1,-5.0135,0,54.5689,exploration
2026-01-06 12:01:08,27,1,-5.0155,0,54.5642,exploration
2026-01-06 12:01:09,28,1,-5.0175,0,54.5617,exploration
2026-01-06 12:01:10,29,1,-5.0207,0,54.5625,exploration
2026-01-06 12:01:11,30,1,-5.019,0,54.5613,exploration
2026-01-06 12:01:12,31,1,-5.0199,0,54.5612,exploration
2026-01-06 12:01:13,32,1,-5.021,0,54.5624,exploration
2026-01-06 12:01:14,33,1,-5.0279,0,54.5703,exploration
2026-01-06 12:01:15,34,1,-5.0217,0,54.5718,exploration
2026-01-06 12:01:16,35,1,-5.0111,0,54.5625,exploration
2026-01-06 12:01:17,36,1,-4.9979,0,54.5393,exploration
2026-01-06 12:01:18,37,1,-4.985,0,54.503,exploration
2026-01-06 12:01:19,38,1,-4.9752,0,54.4568,exploration
2026-01-06 12:01:20,39,1,-4.9708,0,54.4076,exploration
2026-01-06 12:01:21,40,1,-4.9686,0,54.3544,exploration
2026-01-06 12:01:22,41,1,-4.9572,0,54.2896,exploration
2026-01-06 12:01:23,42,1,-4.9607,0,54.2284,exploration
2026-01-06 12:01:24,43,1,-4.9682,0,54.1767,exploration
2026-01-06 12:01:25,44,1,-4.9712,0,54.1258,exploration
2026-01-06 12:01:26,45,1,-4.9782,0,54.0828,exploration
2026-01-06 12:01:27,46,1,-4.985,0,54.0467,exploration
2026-01-06 12:01:28,47,1,-4.9942,0,54.0201,exploration
2026-01-06 12:01:29,48,1,-4.9967,0,53.996,exploration
2026-01-06 12:01:30,49,1,-4.9968,0,53.9723,exploration
2026-01-06 12:01:31,50,1,-5.0021,0,53.9544,exploration
2026-01-06 12:01:32,51,1,-5.02,0,53.9543,exploration
2026-01-06 12:01:33,52,1,-5.0789,0,54.0155,exploration
2026-01-06 12:01:34,53,1,-5.1033,0,54.103,exploration
2026-01-06 12:01:35,54,1,-5.0736,0,54.1566,exploration
2026-01-06 12:01:37,55,1,-5.0694,0,54.206,exploration
2026-01-06 12:01:38,56,1,-5.0733,0,54.2613,exploration
2026-01-06 12:01:39,57,1,-5.0706,0,54.314,exploration
2026-01-06 12:01:40,58,1,-5.0858,0,54.382,exploration
2026-01-06 12:01:41,59,1,-5.0909,0,54.4558,exploration
2026-01-06 12:01:42,60,1,-5.0936,0,54.5308,exploration
2026-01-06 12:01:43,61,1,-5.0739,0,54.5861,exploration
2026-01-06 12:01:44,62,1,-5.0592,0,54.6253,exploration
2026-01-06 12:01:45,63,1,-5.0507,0,54.656,exploration
2026-01-06 12:01:46,64,1,-5.0371,0,54.6735,exploration
2026-01-06 12:01:47,65,1,-5.028,0,54.6817,exploration
2026-01-06 12:01:48,66,1,-5.0231,0,54.6848,exploration
2026-01-06 12:01:49,67,1,-5.0147,0,54.6794,exploration
2026-01-06 12:01:50,68,1,-5.0077,0,54.6666,exploration
2026-01-06 12:01:51,69,1,-5.0031,0,54.6491,exploration
2026-01-06 12:01:52,70,1,-4.9944,0,54.6225,exploration
2026-01-06 12:01:53,71,1,-4.9885,0,54.59,exploration
2026-01-06 12:01:54,72,1,-4.9877,0,54.5567,exploration
2026-01-06 12:01:55,73,1,-4.9965,0,54.5325,exploration
2026-01-06 12:01:56,74,1,-5.0077,0,54.5199,exploration
2026-01-06 12:01:57,75,1,-5.0183,0,54.5182,exploration
2026-01-06 12:01:58,76,1,-5.0312,0,54.5293,exploration
2026-01-06 12:01:59,77,1,-5.0386,0,54.5485,exploration
2026-01-06 12:02:00,78,1,-5.0403,0,54.5695,exploration
2026-01-06 12:02:01,79,1,-5.0398,0,54.59,exploration
2026-01-06 12:02:02,80,1,-5.04,0,54.6109,exploration
2026-01-06 12:02:03,81,1,-5.0398,0,54.6311,exploration
2026-01-06 12:02:04,82,1,-5.0332,0,54.6447,exploration
2026-01-06 12:02:05,83,1,-5.03,0,54.6547,exploration
2026-01-06 12:02:06,84,1,-5.0286,0,54.6638,exploration
2026-01-06 12:02:07,85,1,-5.0212,0,54.665,exploration
2026-01-06 12:02:08,86,1,-5.0174,0,54.6623,exploration
2026-01-06 12:02:09,87,1,-5.0174,0,54.6596,exploration
2026-01-06 12:02:11,88,1,-5.0199,0,54.6595,exploration
2026-01-06 12:02:12,89,1,-5.0212,0,54.6607,exploration
2026-01-06 12:02:13,90,1,-5.0172,0,54.6579,exploration
2026-01-06 12:02:14,91,1,-5.0118,0,54.6495,exploration
2026-01-06 12:02:15,92,1,-5.0082,0,54.6373,exploration
2026-01-06 12:02:16,93,1,-5.0093,0,54.6262,exploration
2026-01-06 12:02:17,94,1,-5.0125,0,54.6189,exploration
2026-01-06 12:02:18,95,1,-5.0229,0,54.6219,exploration
2026-01-06 12:02:19,96,1,-5.0486,0,54.6542,exploration
2026-01-06 12:02:20,97,1,-5.0601,0,54.6948,exploration
2026-01-06 12:02:21,98,1,-5.0336,0,54.7084,exploration
2026-01-06 12:02:22,99,1,-5.0414,0,54.7303,exploration
2026-01-06 12:02:23,100,1,-5.0154,0,54.7266,exploration
2026-01-06 12:02:25,101,2,-5.0702,0,54.7573,exploration
2026-01-06 12:02:27,102,2,-5.03,0,54.7463,exploration
2026-01-06 12:02:29,103,2,-5.494,0,55.1984,exploration
2026-01-06 12:02:30,104,1,-4.9442,0,55.1195,exploration
2026-01-06 12:02:31,105,1,-4.9549,0,55.0544,exploration
2026-01-06 12:02:32,106,1,-4.9617,0,54.9943,exploration
2026-01-06 12:02:33,107,1,-5.1099,0,55.0823,exploration
2026-01-06 12:02:34,108,1,-5.1048,0,55.1446,exploration
2026-01-06 12:02:35,109,1,-4.8345,0,54.971,exploration
2026-01-06 12:02:36,110,1,-5.5786,0,55.5444,exploration
2026-01-06 12:03:07,111,31,-10.2928,0,60.1953,exploration
2026-01-06 12:03:08,112,1,-4.337,0,59.486,exploration
2026-01-06 12:03:09,113,1,-4.1593,0,58.5868,exploration
2026-01-06 12:03:10,114,1,-4.0167,0,57.5835,exploration
2026-01-06 12:03:11,115,1,-4.4686,0,57.0321,exploration
2026-01-06 12:05:11,116,120,-12.6362,0,67.2765,exploration
2026-01-06 12:30:17,1,101,-53.5869,0,104.0387,exploration
2026-01-06 12:30:18,2,1,-35.0099,0,135.0745,exploration
2026-01-06 12:30:19,3,1,-29.8352,0,161.3094,exploration
2026-01-06 12:30:35,4,12,49.0426,0,108.0752,exploration
2026-01-06 12:30:43,5,5,19.8592,0,83.7727,exploration
2026-01-06 12:30:44,6,1,-29.3605,0,108.9593,exploration
2026-01-06 12:30:53,7,6,9.9269,0,94.9193,exploration
2026-01-06 12:31:10,8,11,66.4931,0,24.024,exploration
2026-01-06 12:31:11,9,1,-5.0362,0,24.04,exploration
2026-01-06 12:31:12,10,1,-5.0299,0,24.0504,exploration
2026-01-06 12:31:13,11,1,-5.0283,0,24.0586,exploration
2026-01-06 12:31:14,12,1,-5.0163,0,24.0551,exploration
2026-01-06 12:31:20,1,1,-5.0282,0,24.0443,exploration
2026-01-06 12:31:21,2,1,-5.0128,0,24.0371,exploration
2026-01-06 12:31:22,3,1,-5.0261,0,24.0437,exploration
2026-01-06 12:31:23,4,1,-5.0203,0,24.0439,exploration
2026-01-06 12:31:24,5,1,-5.0325,0,24.0565,exploration
2026-01-06 12:31:26,6,1,-5.0238,0,24.061,exploration
2026-01-06 12:31:27,7,1,-5.0174,0,24.0588,exploration
2026-01-06 12:31:28,8,1,-5.0311,0,24.0703,exploration
2026-01-06 12:31:29,9,1,-5.0124,0,24.0625,exploration
2026-01-06 12:31:30,10,1,-5.0121,0,24.0542,exploration
2026-01-06 12:31:31,11,1,-5.0007,0,24.0349,exploration
2026-01-06 12:31:32,12,1,-5.006,0,24.0201,exploration
2026-01-06 12:31:33,13,1,-5.0102,0,24.0102,exploration
2026-01-06 12:34:37,1,1,-5.0258,0,21.3563,exploration
2026-01-06 12:34:38,2,1,-5.0273,0,21.364,exploration
2026-01-06 12:34:39,3,1,-5.0315,0,21.3759,exploration
2026-01-06 12:34:40,4,1,-5.0307,0,21.3869,exploration
2026-01-06 12:34:41,5,1,-5.0274,0,21.3945,exploration
2026-01-06 12:34:42,6,1,-5.0269,0,21.4016,exploration
2026-01-06 12:34:43,7,1,-5.0256,0,21.4072,exploration
2026-01-06 12:34:44,8,1,-5.0286,0,21.4165,exploration
2026-01-06 12:34:45,9,1,-5.0441,0,21.4419,exploration
2026-01-06 12:34:46,10,1,-5.0686,0,21.4989,exploration
2026-01-06 12:34:48,11,1,-5.0844,0,21.5648,exploration
2026-01-06 12:34:49,12,1,-5.0328,0,21.5701,exploration
2026-01-06 12:34:50,13,1,-4.9802,0,21.5303,exploration
2026-01-06 12:34:51,14,1,-5.6431,0,22.186,exploration
2026-01-06 12:34:52,15,1,-6.0267,0,23.2272,exploration
2026-01-06 12:34:53,16,1,-5.5245,0,23.7282,exploration
2026-01-06 12:34:54,17,1,-4.8571,0,23.563,exploration
2026-01-06 12:37:59,1,1,-5.0265,0,10.1812,exploration
2026-01-06 12:38:00,2,1,-5.0207,0,10.1818,exploration
2026-01-06 12:38:01,3,1,-5.018,0,10.1797,exploration
2026-01-06 12:38:03,4,1,-5.0166,0,10.1763,exploration
2026-01-06 12:38:04,5,1,-5.0148,0,10.1709,exploration
2026-01-06 12:38:05,6,1,-5.0132,0,10.1637,exploration
2026-01-06 12:38:06,7,1,-5.0093,0,10.1525,exploration
2026-01-06 12:38:07,8,1,-4.9995,0,10.1314,exploration
2026-01-06 12:38:08,9,1,-4.9983,0,10.1089,exploration
2026-01-06 12:38:09,10,1,-5.0302,0,10.1188,exploration
2026-01-06 12:38:10,11,1,-4.9931,0,10.0907,exploration
2026-01-06 12:38:11,12,1,-5.0332,0,10.104,exploration
2026-01-06 12:38:12,13,1,-5.0152,0,10.0993,exploration
2026-01-06 12:38:13,14,1,-5.0276,0,10.1072,exploration
2026-01-06 12:38:14,15,1,-5.0347,0,10.1225,exploration
2026-01-06 12:38:15,16,1,-5.0461,0,10.1497,exploration
2026-01-06 12:38:16,17,1,-5.0561,0,10.1858,exploration
2026-01-06 12:38:17,18,1,-5.2144,0,10.3789,exploration
2026-01-06 12:38:18,19,1,-5.0254,0,10.3806,exploration
2026-01-06 12:38:19,20,1,-4.6154,0,9.9648,exploration
